timestamp,AX,AY,AZ,GX,GY,GZ,ASVM,GSVM,MCU_TIME,FALL_EVENT,FALL_STATE
2026-04-21T14:44:27.851,0.035,0.981,-0.012,-2.081,-4.107,-2.462,0.982,5.221,10,0.0,CHECK_FALL
2026-04-21T14:44:27.851,0.044,1.0,-0.015,-3.411,-7.607,-1.762,1.001,8.521,9,0.0,CHECK_FALL
2026-04-21T14:44:27.851,0.011,1.007,-0.035,-0.121,-10.057,-0.502,1.008,10.07,11,0.0,CHECK_FALL
2026-04-21T14:44:27.851,-0.005,0.998,-0.037,3.169,-11.317,0.618,0.998,11.769,10,0.0,CHECK_FALL
2026-04-21T14:44:27.851,-0.011,1.006,-0.065,2.889,-10.477,2.368,1.009,11.123,10,0.0,CHECK_FALL
2026-04-21T14:44:27.851,0.01,1.072,-0.048,0.439,0.933,-6.172,1.073,6.257,299,0.0,CHECK_FALL
2026-04-21T14:44:27.869,0.016,1.061,-0.046,-1.031,0.163,-6.452,1.062,6.535,4,0.0,CHECK_FALL
2026-04-21T14:44:27.871,0.017,1.054,-0.048,-1.941,-0.327,-6.452,1.055,6.745,5,0.0,CHECK_FALL
2026-04-21T14:44:27.878,0.017,1.046,-0.049,-3.481,-0.887,-6.592,1.048,7.507,5,0.0,CHECK_FALL
2026-04-21T14:44:27.878,0.018,1.04,-0.051,-3.971,-1.237,-6.662,1.041,7.853,4,0.0,CHECK_FALL
2026-04-21T14:44:27.885,0.019,1.04,-0.054,-4.461,-1.167,-6.592,1.041,8.044,5,0.0,CHECK_FALL
2026-04-21T14:44:27.885,0.022,1.037,-0.049,-4.881,-0.957,-6.592,1.038,8.258,5,0.0,CHECK_FALL
2026-04-21T14:44:27.885,0.025,1.035,-0.049,-5.021,-0.957,-6.522,1.037,8.286,5,0.0,CHECK_FALL
2026-04-21T14:44:27.899,0.025,1.035,-0.048,-5.021,-1.097,-6.452,1.037,8.249,5,0.0,CHECK_FALL
2026-04-21T14:44:27.899,0.024,1.036,-0.044,-4.951,-1.517,-6.382,1.037,8.218,4,0.0,CHECK_FALL
2026-04-21T14:44:27.908,0.026,1.033,-0.045,-4.671,-1.797,-6.102,1.035,7.892,4,0.0,CHECK_FALL
2026-04-21T14:44:27.914,0.024,1.032,-0.048,-4.671,-2.077,-5.962,1.033,7.853,5,0.0,CHECK_FALL
2026-04-21T14:44:27.914,0.024,1.03,-0.048,-4.181,-2.357,-5.752,1.031,7.491,5,0.0,CHECK_FALL
2026-04-21T14:44:27.922,0.021,1.025,-0.049,-4.111,-2.357,-5.472,1.027,7.238,4,0.0,CHECK_FALL
2026-04-21T14:44:27.922,0.022,1.028,-0.047,-3.271,-2.217,-5.332,1.03,6.636,5,0.0,CHECK_FALL
2026-04-21T14:44:27.931,0.016,1.031,-0.048,-3.061,-1.167,-4.982,1.032,5.962,5,0.0,CHECK_FALL
2026-04-21T14:44:27.931,0.013,1.033,-0.047,-2.011,-0.327,-4.772,1.034,5.188,5,0.0,CHECK_FALL
2026-04-21T14:44:27.940,0.013,1.033,-0.047,-1.101,0.373,-4.632,1.034,4.775,4,0.0,CHECK_FALL
2026-04-21T14:44:27.948,0.015,1.032,-0.043,-0.611,0.863,-4.562,1.033,4.682,5,0.0,CHECK_FALL
2026-04-21T14:44:27.949,0.017,1.03,-0.041,-0.331,0.723,-4.422,1.031,4.492,4,0.0,CHECK_FALL
2026-04-21T14:44:27.949,0.02,1.031,-0.038,-0.471,0.443,-4.282,1.032,4.33,4,0.0,CHECK_FALL
2026-04-21T14:44:27.949,0.021,1.033,-0.036,-0.471,0.513,-4.072,1.034,4.131,5,0.0,CHECK_FALL
2026-04-21T14:44:27.949,0.023,1.035,-0.034,-0.611,0.373,-3.792,1.035,3.859,5,0.0,CHECK_FALL
2026-04-21T14:44:27.965,0.02,1.038,-0.034,-0.891,0.513,-3.652,1.038,3.794,5,0.0,CHECK_FALL
2026-04-21T14:44:27.965,0.017,1.039,-0.034,-0.961,0.723,-3.652,1.04,3.844,5,0.0,CHECK_FALL
2026-04-21T14:44:27.965,0.015,1.04,-0.026,-1.381,0.723,-3.722,1.04,4.035,4,0.0,CHECK_FALL
2026-04-21T14:44:27.981,0.013,1.045,-0.03,-1.381,0.793,-3.792,1.046,4.112,5,0.0,CHECK_FALL
2026-04-21T14:44:27.981,0.013,1.047,-0.033,-1.451,0.373,-3.792,1.047,4.077,5,0.0,CHECK_FALL
2026-04-21T14:44:27.981,0.013,1.049,-0.035,-1.521,0.023,-3.792,1.049,4.085,4,0.0,CHECK_FALL
2026-04-21T14:44:27.997,0.012,1.048,-0.037,-1.521,-0.607,-3.932,1.049,4.259,5,0.0,CHECK_FALL
2026-04-21T14:44:28.000,0.012,1.05,-0.038,-1.731,-1.097,-4.142,1.051,4.621,4,0.0,CHECK_FALL
2026-04-21T14:44:28.000,0.015,1.05,-0.038,-2.081,-1.657,-4.212,1.051,4.981,5,0.0,CHECK_FALL
2026-04-21T14:44:28.000,0.016,1.051,-0.037,-2.151,-2.007,-4.002,1.052,4.967,5,0.0,CHECK_FALL
2026-04-21T14:44:28.016,0.017,1.047,-0.035,-2.501,-2.077,-3.932,1.048,5.102,4,0.0,CHECK_FALL
2026-04-21T14:44:28.016,0.019,1.05,-0.033,-2.431,-1.797,-4.142,1.051,5.128,5,0.0,CHECK_FALL
2026-04-21T14:44:28.016,0.022,1.049,-0.029,-2.361,-1.377,-4.142,1.05,4.962,5,0.0,CHECK_FALL
2026-04-21T14:44:28.026,0.027,1.053,-0.025,-2.291,-1.027,-4.072,1.054,4.784,5,0.0,CHECK_FALL
2026-04-21T14:44:28.026,0.029,1.054,-0.022,-2.151,-0.887,-4.072,1.055,4.69,3,0.0,CHECK_FALL
2026-04-21T14:44:28.026,0.03,1.056,-0.023,-2.011,-1.167,-3.932,1.056,4.568,5,0.0,CHECK_FALL
2026-04-21T14:44:28.042,0.035,1.053,-0.029,-2.151,-2.147,-3.862,1.054,4.914,5,0.0,CHECK_FALL
2026-04-21T14:44:28.042,0.039,1.049,-0.037,-2.501,-3.127,-3.652,1.05,5.419,5,0.0,CHECK_FALL
2026-04-21T14:44:28.052,0.039,1.047,-0.045,-2.641,-4.107,-3.652,1.049,6.097,4,0.0,CHECK_FALL
2026-04-21T14:44:28.052,0.042,1.043,-0.049,-3.271,-4.667,-3.722,1.045,6.807,5,0.0,CHECK_FALL
2026-04-21T14:44:28.052,0.043,1.043,-0.052,-3.271,-4.457,-3.582,1.046,6.587,5,0.0,CHECK_FALL
2026-04-21T14:44:28.068,0.039,1.038,-0.055,-2.361,-3.197,-3.512,1.04,5.304,5,0.0,CHECK_FALL
2026-04-21T14:44:28.068,0.039,1.031,-0.047,-1.871,-2.077,-3.932,1.033,4.824,4,0.0,CHECK_FALL
2026-04-21T14:44:28.068,0.042,1.026,-0.039,-1.661,-1.237,-4.492,1.028,4.946,4,0.0,CHECK_FALL
2026-04-21T14:44:28.068,0.043,1.031,-0.034,-2.291,-0.677,-4.632,1.032,5.211,5,0.0,CHECK_FALL
2026-04-21T14:44:28.086,0.048,1.034,-0.042,-2.991,-0.957,-4.772,1.036,5.712,5,0.0,CHECK_FALL
2026-04-21T14:44:28.090,0.049,1.039,-0.047,-3.691,-1.097,-4.492,1.041,5.916,5,0.0,CHECK_FALL
2026-04-21T14:44:28.091,0.052,1.041,-0.05,-3.971,-1.167,-4.072,1.043,5.806,4,0.0,CHECK_FALL
2026-04-21T14:44:28.095,0.05,1.041,-0.038,-4.041,-1.097,-3.722,1.042,5.602,5,0.0,CHECK_FALL
2026-04-21T14:44:28.095,0.05,1.036,-0.025,-4.461,-0.677,-3.652,1.038,5.805,5,0.0,CHECK_FALL
2026-04-21T14:44:28.095,0.048,1.037,-0.023,-5.441,-1.097,-3.652,1.038,6.644,5,0.0,CHECK_FALL
2026-04-21T14:44:28.111,0.049,1.038,-0.031,-5.721,-1.097,-3.442,1.04,6.766,4,0.0,CHECK_FALL
2026-04-21T14:44:28.111,0.034,1.03,-0.039,-3.411,0.653,-3.442,1.031,4.889,10,0.0,CHECK_FALL
2026-04-21T14:44:28.127,0.026,1.025,-0.053,-1.801,2.123,-3.372,1.027,4.372,10,0.0,CHECK_FALL
2026-04-21T14:44:28.138,0.02,1.02,-0.051,0.509,4.083,-3.372,1.022,5.319,10,0.0,CHECK_FALL
2026-04-21T14:44:28.154,0.015,1.015,-0.035,2.609,5.343,-3.372,1.015,6.835,10,0.0,CHECK_FALL
2026-04-21T14:44:28.164,0.024,1.023,-0.019,2.189,6.043,-3.022,1.024,7.102,10,0.0,CHECK_FALL
2026-04-21T14:44:28.164,0.025,1.034,-0.021,2.819,5.693,-3.232,1.034,7.127,10,0.0,CHECK_FALL
2026-04-21T14:44:28.179,0.03,1.041,-0.025,2.469,4.643,-3.302,1.042,6.209,10,0.0,CHECK_FALL
2026-04-21T14:44:28.179,0.032,1.045,-0.022,1.629,4.223,-3.302,1.046,5.602,10,0.0,CHECK_FALL
2026-04-21T14:44:28.195,0.037,1.054,-0.028,0.719,4.223,-3.372,1.055,5.451,10,0.0,CHECK_FALL
2026-04-21T14:44:28.212,0.037,1.054,-0.031,0.999,4.013,-3.232,1.055,5.248,10,0.0,IDLE_FALL
2026-04-21T14:44:28.212,0.039,1.056,-0.03,1.069,3.803,-2.952,1.057,4.931,10,0.0,IDLE_FALL
2026-04-21T14:44:28.229,0.037,1.055,-0.027,1.209,3.593,-2.812,1.056,4.72,10,0.0,IDLE_FALL
2026-04-21T14:44:28.239,0.034,1.055,-0.023,1.419,3.593,-2.672,1.055,4.697,9,0.0,IDLE_FALL
2026-04-21T14:44:28.255,0.034,1.057,-0.019,1.559,3.523,-2.602,1.057,4.648,11,0.0,IDLE_FALL
2026-04-21T14:44:28.265,0.029,1.06,-0.017,1.419,3.033,-2.532,1.06,4.198,10,0.0,IDLE_FALL
2026-04-21T14:44:28.265,0.026,1.058,-0.018,1.209,1.353,-2.392,1.059,3.002,10,0.0,IDLE_FALL
2026-04-21T14:44:28.282,0.026,1.056,-0.019,0.299,0.093,-2.042,1.056,2.065,9,0.0,IDLE_FALL
2026-04-21T14:44:28.282,0.029,1.051,-0.021,-0.611,-0.467,-2.042,1.051,2.182,11,0.0,IDLE_FALL
2026-04-21T14:44:28.299,0.034,1.042,-0.013,-0.051,0.233,-2.182,1.043,2.195,10,0.0,IDLE_FALL
2026-04-21T14:44:28.314,0.042,1.045,-0.009,0.019,-0.467,-2.672,1.046,2.712,10,0.0,IDLE_FALL
2026-04-21T14:44:28.314,0.041,1.045,-0.024,0.369,-1.587,-2.602,1.046,3.07,10,0.0,IDLE_FALL
2026-04-21T14:44:28.330,0.042,1.037,-0.012,0.929,-1.587,-2.742,1.038,3.301,10,0.0,IDLE_FALL
2026-04-21T14:44:28.340,0.053,1.037,-0.004,0.579,-1.027,-2.672,1.038,2.92,10,0.0,IDLE_FALL
2026-04-21T14:44:28.340,0.051,1.037,-0.016,0.719,-1.097,-2.392,1.038,2.728,10,0.0,IDLE_FALL
2026-04-21T14:44:28.356,0.044,1.035,-0.006,1.629,-1.447,-2.532,1.036,3.34,10,0.0,IDLE_FALL
2026-04-21T14:44:28.367,0.039,1.033,0.006,1.769,-0.957,-2.742,1.034,3.4,10,0.0,IDLE_FALL
2026-04-21T14:44:28.384,0.031,1.035,0.01,1.279,-0.327,-2.532,1.036,2.855,10,0.0,IDLE_FALL
2026-04-21T14:44:28.384,0.028,1.038,0.011,1.279,0.373,-2.252,1.039,2.616,10,0.0,IDLE_FALL
2026-04-21T14:44:28.400,0.025,1.04,0.014,1.699,0.653,-2.532,1.04,3.118,10,0.0,IDLE_FALL
2026-04-21T14:44:28.416,0.023,1.046,0.016,1.979,0.653,-2.532,1.047,3.279,10,0.0,IDLE_FALL
2026-04-21T14:44:28.417,0.022,1.056,0.015,1.909,0.303,-2.392,1.056,3.075,10,0.0,IDLE_FALL
2026-04-21T14:44:28.433,0.023,1.062,0.009,1.979,-0.397,-1.972,1.062,2.821,10,0.0,IDLE_FALL
2026-04-21T14:44:28.441,0.022,1.061,0.003,2.049,-0.957,-1.832,1.061,2.91,10,0.0,IDLE_FALL
2026-04-21T14:44:28.447,0.027,1.059,0.009,1.629,-1.167,-1.972,1.059,2.811,10,0.0,IDLE_FALL
2026-04-21T14:44:28.463,0.03,1.056,0.016,1.139,-1.237,-2.042,1.057,2.645,10,0.0,IDLE_FALL
2026-04-21T14:44:28.473,0.034,1.056,0.02,1.349,-1.307,-2.252,1.056,2.932,10,0.0,IDLE_FALL
2026-04-21T14:44:28.473,0.035,1.061,0.018,2.049,-1.727,-2.322,1.062,3.546,10,0.0,IDLE_FALL
2026-04-21T14:44:28.489,0.032,1.062,0.007,2.469,-1.937,-2.252,1.062,3.862,9,0.0,IDLE_FALL
2026-04-21T14:44:28.504,0.031,1.061,-0.001,2.889,-2.497,-2.042,1.061,4.33,11,0.0,IDLE_FALL
2026-04-21T14:44:28.504,0.029,1.057,-0.001,2.959,-2.287,-2.112,1.057,4.295,10,0.0,IDLE_FALL
2026-04-21T14:44:28.521,0.028,1.059,-0.003,1.979,-1.517,-2.042,1.059,3.223,10,0.0,IDLE_FALL
2026-04-21T14:44:28.521,0.028,1.057,-0.0,1.559,-1.097,-2.392,1.057,3.058,9,0.0,IDLE_FALL
2026-04-21T14:44:28.538,0.025,1.052,-0.007,0.649,-1.517,-2.112,1.053,2.68,11,0.0,IDLE_FALL
2026-04-21T14:44:28.548,0.028,1.05,-0.008,0.089,-2.777,-2.182,1.051,3.533,10,0.0,IDLE_FALL
2026-04-21T14:44:28.564,0.029,1.048,-0.019,-0.611,-3.757,-2.462,1.049,4.533,10,0.0,IDLE_FALL
2026-04-21T14:44:28.574,0.028,1.047,-0.025,-0.611,-3.197,-2.462,1.048,4.081,10,0.0,IDLE_FALL
2026-04-21T14:44:28.574,0.025,1.043,-0.009,1.559,-1.657,-2.812,1.044,3.617,10,0.0,IDLE_FALL
2026-04-21T14:44:28.590,0.035,1.046,-0.003,0.019,-2.497,-2.952,1.046,3.866,10,0.0,IDLE_FALL
2026-04-21T14:44:28.602,0.04,1.059,-0.027,-1.591,-5.157,-1.902,1.06,5.722,10,0.0,IDLE_FALL
2026-04-21T14:44:28.607,0.044,1.048,0.009,-2.571,-4.877,-1.622,1.049,5.747,10,0.0,IDLE_FALL
2026-04-21T14:44:28.623,0.043,1.052,-0.01,-3.901,-4.317,-1.552,1.053,6.022,10,0.0,IDLE_FALL
2026-04-21T14:44:28.623,0.028,1.041,-0.014,-2.501,-4.177,-1.762,1.042,5.178,10,0.0,IDLE_FALL
2026-04-21T14:44:28.639,0.022,1.034,-0.03,-0.751,-3.827,-2.112,1.034,4.435,10,0.0,IDLE_FALL
2026-04-21T14:44:28.649,0.021,1.033,-0.021,1.839,-2.357,-2.602,1.033,3.963,10,0.0,IDLE_FALL
2026-04-21T14:44:28.665,0.027,1.038,-0.009,2.889,-1.097,-2.602,1.038,4.04,10,0.0,IDLE_FALL
2026-04-21T14:44:28.675,0.026,1.047,-0.015,2.819,-1.587,-2.602,1.047,4.151,10,0.0,IDLE_FALL
2026-04-21T14:44:28.675,0.026,1.047,-0.019,2.259,-2.847,-2.672,1.047,4.511,10,0.0,IDLE_FALL
2026-04-21T14:44:28.692,0.026,1.046,-0.017,1.209,-3.547,-2.392,1.047,4.446,10,0.0,IDLE_FALL
2026-04-21T14:44:28.692,0.027,1.046,-0.013,-0.471,-2.917,-2.392,1.046,3.802,10,0.0,IDLE_FALL
2026-04-21T14:44:28.708,0.027,1.044,-0.017,-0.821,-2.777,-2.112,1.044,3.584,10,0.0,IDLE_FALL
2026-04-21T14:44:28.723,0.026,1.04,-0.017,-0.821,-3.057,-1.972,1.04,3.729,10,0.0,IDLE_FALL
2026-04-21T14:44:28.723,0.029,1.032,-0.011,-0.611,-3.407,-1.972,1.033,3.984,10,0.0,IDLE_FALL
2026-04-21T14:44:28.739,0.029,1.026,-0.01,-0.261,-3.407,-2.322,1.027,4.131,9,0.0,IDLE_FALL
2026-04-21T14:44:28.750,0.031,1.027,-0.004,-0.611,-2.637,-2.532,1.028,3.706,11,0.0,IDLE_FALL
2026-04-21T14:44:28.766,0.029,1.032,-0.009,-0.611,-1.727,-2.462,1.032,3.069,10,0.0,IDLE_FALL
2026-04-21T14:44:28.766,0.027,1.03,-0.014,-0.611,-1.657,-2.672,1.03,3.203,10,0.0,IDLE_FALL
2026-04-21T14:44:28.776,0.029,1.031,-0.013,-0.961,-1.447,-2.602,1.031,3.128,9,0.0,IDLE_FALL
2026-04-21T14:44:28.793,0.026,1.03,-0.012,-1.101,-0.677,-2.392,1.031,2.719,11,0.0,IDLE_FALL
2026-04-21T14:44:28.793,0.031,1.032,-0.0,0.789,1.143,-2.672,1.033,3.011,10,0.0,IDLE_FALL
2026-04-21T14:44:28.809,0.037,1.046,-0.003,0.719,0.513,-3.022,1.047,3.148,10,0.0,IDLE_FALL
2026-04-21T14:44:28.825,0.035,1.053,-0.014,0.929,-1.237,-2.812,1.053,3.209,10,0.0,IDLE_FALL
2026-04-21T14:44:28.825,0.034,1.042,-0.012,0.439,-1.937,-2.602,1.043,3.273,10,0.0,IDLE_FALL
2026-04-21T14:44:28.842,0.036,1.042,-0.017,-0.051,-0.817,-2.532,1.043,2.661,10,0.0,IDLE_FALL
2026-04-21T14:44:28.852,0.031,1.042,-0.012,0.089,0.583,-2.882,1.043,2.941,10,0.0,IDLE_FALL
2026-04-21T14:44:28.852,0.032,1.046,-0.016,0.299,0.583,-3.442,1.047,3.503,10,0.0,IDLE_FALL
2026-04-21T14:44:28.868,0.029,1.048,-0.021,0.649,-0.047,-3.442,1.049,3.503,10,0.0,IDLE_FALL
2026-04-21T14:44:28.879,0.028,1.05,-0.019,0.719,-1.027,-3.162,1.05,3.401,10,0.0,IDLE_FALL
2026-04-21T14:44:28.895,0.024,1.048,-0.021,0.369,-1.307,-3.022,1.049,3.313,10,0.0,IDLE_FALL
2026-04-21T14:44:28.895,0.025,1.051,-0.025,0.089,-0.747,-2.952,1.052,3.046,10,0.0,IDLE_FALL
2026-04-21T14:44:28.911,0.025,1.05,-0.024,-0.401,-0.607,-3.092,1.05,3.176,10,0.0,IDLE_FALL
2026-04-21T14:44:28.911,0.023,1.049,-0.025,-0.891,-0.677,-2.882,1.049,3.091,10,0.0,IDLE_FALL
2026-04-21T14:44:28.928,0.026,1.047,-0.023,-0.961,-0.887,-2.882,1.047,3.165,10,0.0,IDLE_FALL
2026-04-21T14:44:28.946,0.026,1.044,-0.02,-0.891,-1.027,-2.952,1.045,3.25,10,0.0,IDLE_FALL
2026-04-21T14:44:28.954,0.028,1.042,-0.014,-0.611,-1.027,-3.162,1.042,3.38,10,0.0,IDLE_FALL
2026-04-21T14:44:28.962,0.035,1.044,-0.011,-0.331,-1.237,-2.812,1.045,3.09,10,0.0,IDLE_FALL
2026-04-21T14:44:28.968,0.033,1.044,-0.015,-0.051,-1.097,-2.812,1.045,3.019,10,0.0,IDLE_FALL
2026-04-21T14:44:28.977,0.031,1.043,-0.018,0.579,-1.587,-2.812,1.044,3.28,10,0.0,IDLE_FALL
2026-04-21T14:44:28.985,0.03,1.042,-0.016,1.069,-1.237,-2.882,1.043,3.313,9,0.0,IDLE_FALL
2026-04-21T14:44:29.005,0.027,1.045,-0.016,1.769,-0.607,-2.952,1.046,3.494,11,0.0,IDLE_FALL
2026-04-21T14:44:29.008,0.025,1.044,-0.011,2.049,-0.187,-3.092,1.044,3.714,10,0.0,IDLE_FALL
2026-04-21T14:44:29.008,0.026,1.046,-0.012,2.189,-0.607,-2.882,1.046,3.669,10,0.0,IDLE_FALL
2026-04-21T14:44:29.033,0.026,1.045,-0.014,1.909,-1.027,-2.882,1.046,3.606,9,0.0,IDLE_FALL
2026-04-21T14:44:29.043,0.028,1.043,-0.011,1.559,-1.237,-2.742,1.043,3.388,11,0.0,IDLE_FALL
2026-04-21T14:44:29.053,0.029,1.039,-0.01,0.789,-1.237,-2.812,1.039,3.171,10,0.0,IDLE_FALL
2026-04-21T14:44:29.058,0.033,1.036,-0.01,0.299,-1.517,-3.022,1.037,3.394,10,0.0,IDLE_FALL
2026-04-21T14:44:29.073,0.031,1.041,-0.016,0.019,-1.097,-3.372,1.042,3.546,10,0.0,IDLE_FALL
2026-04-21T14:44:29.084,0.023,1.041,-0.009,2.399,0.653,-3.792,1.041,4.534,10,0.0,IDLE_FALL
2026-04-21T14:44:29.084,0.03,1.04,0.004,2.679,0.163,-4.212,1.04,4.994,10,0.0,IDLE_FALL
2026-04-21T14:44:29.099,0.038,1.052,-0.016,0.019,-2.077,-3.582,1.053,4.14,10,0.0,IDLE_FALL
2026-04-21T14:44:29.113,0.036,1.042,-0.009,0.089,-1.727,-3.022,1.043,3.482,10,0.0,IDLE_FALL
2026-04-21T14:44:29.123,0.043,1.04,0.006,-1.241,-0.257,-3.512,1.04,3.733,10,0.0,IDLE_FALL
2026-04-21T14:44:29.129,0.037,1.047,0.001,-1.241,1.143,-3.582,1.048,3.959,10,0.0,IDLE_FALL
2026-04-21T14:44:29.129,0.026,1.042,-0.011,-0.681,1.353,-3.792,1.042,4.083,10,0.0,IDLE_FALL
2026-04-21T14:44:29.145,0.025,1.041,-0.032,2.119,1.213,-3.792,1.041,4.51,10,0.0,IDLE_FALL
2026-04-21T14:44:29.163,0.021,1.037,-0.023,3.869,2.193,-3.512,1.037,5.666,10,0.0,IDLE_FALL
2026-04-21T14:44:29.171,0.026,1.038,-0.014,4.569,2.963,-3.442,1.038,6.442,10,0.0,IDLE_FALL
2026-04-21T14:44:29.179,0.026,1.04,-0.015,4.219,2.473,-3.442,1.04,5.98,10,0.0,IDLE_FALL
2026-04-21T14:44:29.187,0.026,1.046,-0.022,2.819,1.213,-3.162,1.047,4.406,10,0.0,IDLE_FALL
2026-04-21T14:44:29.203,0.025,1.045,-0.023,1.279,0.653,-3.022,1.046,3.345,10,0.0,IDLE_FALL
2026-04-21T14:44:29.213,0.027,1.041,-0.017,0.999,1.283,-3.022,1.042,3.431,10,0.0,IDLE_FALL
2026-04-21T14:44:29.213,0.029,1.042,-0.01,0.929,1.983,-3.302,1.043,3.962,10,0.0,IDLE_FALL
2026-04-21T14:44:29.234,0.033,1.041,-0.006,0.719,1.633,-3.232,1.042,3.691,10,0.0,IDLE_FALL
2026-04-21T14:44:29.239,0.033,1.045,-0.004,1.139,1.213,-3.302,1.045,3.697,9,0.0,IDLE_FALL
2026-04-21T14:44:29.254,0.035,1.049,-0.001,1.349,1.073,-3.372,1.05,3.787,11,0.0,IDLE_FALL
2026-04-21T14:44:29.263,0.035,1.048,-0.007,1.349,1.213,-3.162,1.048,3.645,10,0.0,IDLE_FALL
2026-04-21T14:44:29.263,0.038,1.046,-0.016,0.649,1.283,-2.952,1.047,3.283,10,0.0,IDLE_FALL
2026-04-21T14:44:29.281,0.036,1.045,-0.02,0.089,1.213,-2.812,1.046,3.063,9,0.0,IDLE_FALL
2026-04-21T14:44:29.290,0.039,1.035,-0.019,-0.051,1.703,-2.532,1.036,3.051,11,0.0,IDLE_FALL
2026-04-21T14:44:29.304,0.039,1.032,0.002,1.069,3.243,-3.162,1.033,4.653,10,0.0,IDLE_FALL
2026-04-21T14:44:29.313,0.038,1.04,-0.006,0.369,2.683,-3.512,1.04,4.434,10,0.0,IDLE_FALL
2026-04-21T14:44:29.322,0.033,1.044,-0.013,0.579,1.703,-3.512,1.045,3.945,10,0.0,IDLE_FALL
2026-04-21T14:44:29.322,0.033,1.041,-0.002,0.859,1.913,-3.582,1.042,4.15,10,0.0,IDLE_FALL
2026-04-21T14:44:29.338,0.04,1.043,0.001,0.089,2.333,-3.512,1.044,4.217,10,0.0,IDLE_FALL
2026-04-21T14:44:29.354,0.036,1.045,-0.017,0.019,2.473,-3.092,1.046,3.959,10,0.0,IDLE_FALL
2026-04-21T14:44:29.354,0.03,1.039,-0.024,1.139,2.193,-2.952,1.04,3.849,10,0.0,IDLE_FALL
2026-04-21T14:44:29.371,0.028,1.038,-0.015,1.069,2.473,-3.162,1.039,4.154,10,0.0,IDLE_FALL
2026-04-21T14:44:29.371,0.029,1.035,-0.011,0.719,3.033,-2.812,1.035,4.198,10,0.0,IDLE_FALL
2026-04-21T14:44:29.386,0.029,1.039,-0.013,0.089,3.523,-2.672,1.039,4.422,10,0.0,IDLE_FALL
2026-04-21T14:44:29.396,0.03,1.036,-0.015,-0.471,3.243,-2.532,1.037,4.141,10,0.0,IDLE_FALL
2026-04-21T14:44:29.412,0.035,1.041,-0.009,-0.331,3.103,-2.672,1.042,4.108,10,0.0,IDLE_FALL
2026-04-21T14:44:29.423,0.033,1.04,-0.007,-0.681,2.403,-2.672,1.041,3.657,10,0.0,IDLE_FALL
2026-04-21T14:44:29.423,0.03,1.038,0.001,-0.891,2.263,-2.742,1.038,3.665,10,0.0,IDLE_FALL
2026-04-21T14:44:29.441,0.034,1.04,-0.002,-0.681,3.103,-2.882,1.041,4.289,10,0.0,IDLE_FALL
2026-04-21T14:44:29.446,0.031,1.044,-0.002,-0.121,3.243,-2.742,1.044,4.248,10,0.0,IDLE_FALL
2026-04-21T14:44:29.463,0.03,1.043,-0.004,-0.121,3.243,-2.602,1.044,4.159,10,0.0,IDLE_FALL
2026-04-21T14:44:29.463,0.031,1.046,-0.005,0.089,3.943,-2.532,1.046,4.686,10,0.0,IDLE_FALL
2026-04-21T14:44:29.482,0.031,1.045,-0.002,0.509,4.643,-2.392,1.046,5.247,10,0.0,IDLE_FALL
2026-04-21T14:44:29.489,0.032,1.041,-0.007,0.719,4.083,-2.392,1.042,4.786,9,0.0,IDLE_FALL
2026-04-21T14:44:29.496,0.03,1.042,-0.001,1.209,3.453,-2.742,1.043,4.572,11,0.0,IDLE_FALL
2026-04-21T14:44:29.512,0.029,1.042,-0.002,1.209,3.663,-2.672,1.043,4.692,10,0.0,IDLE_FALL
2026-04-21T14:44:29.521,0.03,1.043,-0.002,1.069,4.573,-2.462,1.043,5.302,10,0.0,IDLE_FALL
2026-04-21T14:44:29.531,0.029,1.044,-0.008,0.719,4.643,-2.322,1.044,5.24,9,0.0,IDLE_FALL
2026-04-21T14:44:29.539,0.028,1.042,-0.012,0.719,4.503,-2.392,1.042,5.149,11,0.0,IDLE_FALL
2026-04-21T14:44:29.554,0.032,1.039,-0.014,0.229,4.853,-2.462,1.039,5.446,10,0.0,IDLE_FALL
2026-04-21T14:44:29.563,0.038,1.039,-0.016,-0.751,4.013,-2.462,1.039,4.767,10,0.0,IDLE_FALL
2026-04-21T14:44:29.563,0.037,1.04,-0.02,-0.751,4.713,-2.462,1.041,5.37,10,0.0,IDLE_FALL
2026-04-21T14:44:29.582,0.026,1.031,-0.007,2.119,6.883,-3.092,1.031,7.837,10,0.0,IDLE_FALL
2026-04-21T14:44:29.586,0.038,1.029,0.013,1.909,6.183,-3.932,1.03,7.571,10,0.0,IDLE_FALL
2026-04-21T14:44:29.597,0.048,1.041,-0.013,-0.821,4.783,-3.582,1.042,6.031,10,0.0,IDLE_FALL
2026-04-21T14:44:29.613,0.043,1.04,-0.012,-1.241,5.553,-2.532,1.041,6.228,10,0.0,IDLE_FALL
2026-04-21T14:44:29.624,0.049,1.03,-0.003,-2.781,6.043,-3.162,1.031,7.365,10,0.0,IDLE_FALL
2026-04-21T14:44:29.629,0.039,1.03,0.006,-1.311,8.143,-3.512,1.031,8.964,10,0.0,IDLE_FALL
2026-04-21T14:44:29.637,0.019,1.03,-0.002,-0.611,10.593,-3.932,1.03,11.315,10,0.0,IDLE_FALL
2026-04-21T14:44:29.647,0.019,1.031,-0.021,1.489,10.873,-4.002,1.031,11.681,10,0.0,IDLE_FALL
2026-04-21T14:44:29.663,0.019,1.028,-0.005,3.589,10.803,-3.722,1.029,11.976,10,0.0,IDLE_FALL
2026-04-21T14:44:29.663,0.025,1.025,0.004,3.799,10.733,-3.722,1.026,11.978,10,0.0,IDLE_FALL
2026-04-21T14:44:29.680,0.025,1.032,-0.001,2.679,10.873,-3.512,1.032,11.736,10,0.0,IDLE_FALL
2026-04-21T14:44:29.680,0.027,1.032,-0.006,1.629,10.663,-3.512,1.032,11.344,10,0.0,IDLE_FALL
2026-04-21T14:44:29.695,0.03,1.034,-0.006,0.649,11.433,-3.582,1.035,11.998,10,0.0,IDLE_FALL
2026-04-21T14:44:29.712,0.03,1.035,-0.012,0.509,12.343,-3.792,1.035,12.922,10,0.0,IDLE_FALL
2026-04-21T14:44:29.722,0.029,1.036,-0.006,0.649,12.553,-3.932,1.037,13.17,10,0.0,IDLE_FALL
2026-04-21T14:44:29.722,0.035,1.036,-0.003,0.859,12.203,-3.792,1.036,12.807,10,0.0,IDLE_FALL
2026-04-21T14:44:29.738,0.041,1.034,0.002,1.279,12.343,-4.002,1.034,13.038,9,0.0,IDLE_FALL
2026-04-21T14:44:29.748,0.039,1.029,0.002,1.699,12.973,-3.932,1.03,13.661,11,0.0,IDLE_FALL
2026-04-21T14:44:29.765,0.039,1.026,-0.122,1.769,13.323,-4.072,1.034,14.043,10,0.0,IDLE_FALL
2026-04-21T14:44:29.765,0.038,1.025,-0.004,1.419,13.603,-3.932,1.026,14.23,10,0.0,IDLE_FALL
2026-04-21T14:44:29.781,0.034,1.018,-0.006,0.719,13.603,-3.792,1.019,14.14,9,0.0,IDLE_FALL
2026-04-21T14:44:29.781,0.03,1.008,-0.008,1.279,14.443,-4.072,1.009,15.06,11,0.0,IDLE_FALL
2026-04-21T14:44:29.796,0.031,1.008,0.005,1.559,16.123,-4.842,1.008,16.906,10,0.0,IDLE_FALL
2026-04-21T14:44:29.812,0.027,1.019,-0.015,1.209,16.683,-4.632,1.02,17.356,10,0.0,IDLE_FALL
2026-04-21T14:44:29.822,0.02,1.021,-0.011,1.769,17.033,-4.702,1.022,17.758,10,0.0,IDLE_FALL
2026-04-21T14:44:29.822,0.022,1.016,0.012,0.929,17.383,-4.702,1.016,18.031,10,0.0,IDLE_FALL
2026-04-21T14:44:29.839,0.027,1.022,-0.004,-0.541,17.593,-4.492,1.023,18.165,10,0.0,IDLE_FALL
2026-04-21T14:44:29.849,0.023,1.002,-0.018,-0.541,16.193,-4.772,1.002,16.89,10,0.0,IDLE_FALL
2026-04-21T14:44:29.864,0.024,0.987,-0.012,0.019,16.893,-5.682,0.988,17.823,10,0.0,IDLE_FALL
2026-04-21T14:44:29.864,0.042,0.997,0.007,-0.401,21.233,-6.382,0.998,22.175,10,0.0,IDLE_FALL
2026-04-21T14:44:29.880,0.049,1.009,0.012,-0.401,24.453,-6.872,1.01,25.403,10,0.0,IDLE_FALL
2026-04-21T14:44:29.880,0.05,1.008,0.021,-0.191,24.103,-8.132,1.01,25.438,10,0.0,IDLE_FALL
2026-04-21T14:44:29.896,0.054,1.009,0.034,-0.051,22.353,-8.552,1.011,23.933,10,0.0,IDLE_FALL
2026-04-21T14:44:29.912,0.062,1.001,0.039,0.439,20.743,-8.622,1.003,22.467,10,0.0,IDLE_FALL
2026-04-21T14:44:29.923,0.068,0.986,0.029,1.699,21.303,-9.042,0.989,23.204,10,0.0,IDLE_FALL
2026-04-21T14:44:29.923,0.071,0.973,0.026,2.749,25.363,-9.602,0.976,27.258,10,0.0,IDLE_FALL
2026-04-21T14:44:29.939,0.07,0.98,0.022,3.449,30.613,-9.602,0.982,32.268,10,0.0,IDLE_FALL
2026-04-21T14:44:29.949,0.063,0.994,0.022,4.779,35.233,-9.462,0.996,36.793,10,0.0,IDLE_FALL
2026-04-21T14:44:29.965,0.048,0.996,0.035,6.039,35.653,-8.272,0.998,37.095,10,0.0,IDLE_FALL
2026-04-21T14:44:29.965,0.027,0.99,0.03,6.739,35.023,-7.922,0.991,36.534,10,0.0,IDLE_FALL
2026-04-21T14:44:29.981,0.03,0.98,0.031,6.319,33.763,-6.592,0.981,34.976,10,0.0,IDLE_FALL
2026-04-21T14:44:29.981,0.012,0.967,0.048,4.709,33.063,-5.892,0.969,33.912,9,0.0,IDLE_FALL
2026-04-21T14:44:29.996,-0.003,0.974,0.041,5.059,34.253,-5.402,0.975,35.043,11,0.0,IDLE_FALL
2026-04-21T14:44:30.007,-0.01,0.975,0.056,4.289,35.583,-4.562,0.977,36.129,10,0.0,IDLE_FALL
2026-04-21T14:44:30.024,-0.048,0.973,0.058,3.379,37.053,-3.722,0.976,37.392,10,0.0,IDLE_FALL
2026-04-21T14:44:30.033,-0.031,0.945,0.045,1.839,33.973,-3.722,0.946,34.225,9,0.0,IDLE_FALL
2026-04-21T14:44:30.042,-0.006,0.924,0.066,0.229,33.623,-4.142,0.926,33.878,11,0.0,IDLE_FALL
2026-04-21T14:44:30.053,0.008,0.924,0.058,-2.711,38.243,-4.492,0.926,38.601,10,0.0,IDLE_FALL
2026-04-21T14:44:30.053,0.036,0.917,0.034,-4.951,42.163,-4.002,0.918,42.641,10,0.0,IDLE_FALL
2026-04-21T14:44:30.070,0.056,0.892,0.016,-8.101,44.543,-3.862,0.894,45.438,10,0.0,IDLE_FALL
2026-04-21T14:44:30.085,0.066,0.879,-0.001,-9.081,49.513,-5.052,0.881,50.591,10,0.0,IDLE_FALL
2026-04-21T14:44:30.085,0.06,0.887,0.016,-6.561,56.583,-6.522,0.889,57.334,10,0.0,IDLE_FALL
2026-04-21T14:44:30.101,0.081,0.894,0.04,-6.421,61.833,-8.482,0.898,62.741,10,0.0,IDLE_FALL
2026-04-21T14:44:30.101,0.092,0.915,0.023,-9.641,63.233,-8.832,0.92,64.57,10,0.0,IDLE_FALL
2026-04-21T14:44:30.117,0.08,0.919,0.019,-9.711,62.603,-7.782,0.923,63.828,10,0.0,IDLE_FALL
2026-04-21T14:44:30.130,0.08,0.892,0.021,-8.661,61.973,-7.852,0.896,63.066,10,0.0,IDLE_FALL
2026-04-21T14:44:30.142,0.077,0.869,0.043,-5.581,63.863,-9.392,0.873,64.79,10,0.0,IDLE_FALL
2026-04-21T14:44:30.147,0.071,0.838,0.057,-2.921,69.043,-11.492,0.843,70.053,10,0.0,IDLE_FALL
2026-04-21T14:44:30.158,0.082,0.828,0.048,0.369,72.123,-13.312,0.833,73.342,10,0.0,IDLE_FALL
2026-04-21T14:44:30.168,0.1,0.687,0.043,1.769,74.853,-14.432,0.695,76.252,10,0.0,IDLE_FALL
2026-04-21T14:44:30.184,0.106,0.797,0.054,1.419,78.703,-14.922,0.805,80.117,10,0.0,CHECK_FALL
2026-04-21T14:44:30.184,0.089,0.777,0.042,0.789,80.943,-15.062,0.784,82.336,10,0.0,CHECK_FALL
2026-04-21T14:44:30.200,0.061,0.75,0.02,1.559,82.343,-15.412,0.752,83.787,10,0.0,CHECK_FALL
2026-04-21T14:44:30.215,0.065,0.719,0.013,-0.051,84.513,-15.132,0.722,85.857,10,0.0,CHECK_FALL
2026-04-21T14:44:30.215,0.051,0.689,0.003,-1.031,88.433,-15.342,0.691,89.76,10,0.0,CHECK_FALL
2026-04-21T14:44:30.231,0.059,0.648,-0.014,0.929,93.403,-16.672,0.65,94.883,10,0.0,CHECK_FALL
2026-04-21T14:44:30.231,0.084,0.606,-0.01,0.789,98.583,-18.842,0.612,100.37,9,0.0,CHECK_FALL
2026-04-21T14:44:30.246,0.077,0.581,0.008,0.299,107.193,-20.662,0.586,109.166,11,0.0,CHECK_FALL
2026-04-21T14:44:30.257,0.049,0.592,0.046,-1.101,117.273,-20.662,0.596,119.084,10,0.0,CHECK_FALL
2026-04-21T14:44:30.273,0.019,0.617,0.071,-4.181,128.193,-18.002,0.622,129.518,10,0.0,CHECK_FALL
2026-04-21T14:44:30.283,-0.031,0.659,0.097,-6.911,139.533,-14.362,0.667,140.44,9,0.0,CHECK_FALL
2026-04-21T14:44:30.283,-0.016,0.703,0.11,-9.991,144.433,-11.632,0.712,145.244,11,0.0,CHECK_FALL
2026-04-21T14:44:30.299,-0.01,0.656,0.097,-8.731,141.843,-8.272,0.663,142.352,10,0.0,CHECK_FALL
2026-04-21T14:44:30.315,0.004,0.608,0.079,-7.051,129.663,-10.792,0.613,130.302,10,0.0,CHECK_FALL
2026-04-21T14:44:30.315,0.013,0.626,0.122,-4.041,136.173,-9.392,0.638,136.556,10,0.0,CHECK_FALL
2026-04-21T14:44:30.330,-0.007,0.633,0.114,-3.481,133.653,-4.142,0.643,133.762,10,0.0,CHECK_FALL
2026-04-21T14:44:30.330,-0.014,0.641,0.144,-7.051,127.493,1.458,0.658,127.696,10,0.0,CHECK_FALL
2026-04-21T14:44:30.346,-0.042,0.639,0.171,-13.351,126.023,5.658,0.663,126.854,10,0.0,CHECK_FALL
2026-04-21T14:44:30.362,-0.053,0.606,0.179,-20.211,124.833,4.538,0.634,126.54,10,0.0,CHECK_FALL
2026-04-21T14:44:30.373,-0.065,0.568,0.162,-30.081,122.453,3.768,0.594,126.15,10,0.0,CHECK_FALL
2026-04-21T14:44:30.373,-0.063,0.515,0.132,-41.351,123.363,5.448,0.536,130.223,10,0.0,CHECK_FALL
2026-04-21T14:44:30.390,-0.05,0.481,0.146,-49.051,128.333,7.548,0.506,137.595,10,0.0,CHECK_FALL
2026-04-21T14:44:30.399,-0.064,0.435,0.141,-52.901,136.173,8.528,0.462,146.336,10,0.0,CHECK_FALL
2026-04-21T14:44:30.415,-0.061,0.367,0.143,-55.421,144.013,4.748,0.398,154.382,10,0.0,CHECK_FALL
2026-04-21T14:44:30.415,-0.075,0.361,0.161,-53.391,153.393,-1.342,0.402,162.425,10,0.0,CHECK_FALL
2026-04-21T14:44:30.431,0.109,0.512,0.341,-48.981,181.673,-18.912,0.625,189.108,10,0.0,CHECK_FALL
2026-04-21T14:44:30.431,0.141,0.745,0.566,-42.051,224.863,-44.112,0.946,232.975,10,0.0,CHECK_FALL
2026-04-21T14:44:30.446,-0.071,0.734,0.863,-31.971,222.063,-18.772,1.135,225.136,10,0.0,CHECK_FALL
2026-04-21T14:44:30.462,0.714,0.617,1.003,-17.901,186.713,-38.652,1.377,191.51,10,0.0,CHECK_FALL
2026-04-21T14:44:30.472,0.203,1.006,1.571,50.909,147.513,-60.002,1.877,167.188,10,0.0,CHECK_FALL
2026-04-21T14:44:30.472,0.152,0.894,2.345,98.859,-14.747,22.738,2.514,102.507,10,0.0,CHECK_FALL
2026-04-21T14:44:30.489,1.359,0.769,2.62,86.049,-213.407,44.508,3.05,234.367,9,0.0,CHECK_FALL
2026-04-21T14:44:30.505,0.99,0.872,2.682,49.509,-316.027,43.178,2.989,322.783,11,0.0,CHECK_FALL
2026-04-21T14:44:30.515,-0.169,0.635,1.971,42.089,-263.177,27.708,2.077,267.958,10,0.0,CHECK_FALL
2026-04-21T14:44:30.515,-0.617,0.37,1.288,-20.351,-147.187,14.968,1.475,149.34,10,0.0,CHECK_FALL
2026-04-21T14:44:30.533,-0.897,0.417,0.54,-25.461,1.563,33.168,1.127,41.843,9,0.0,CHECK_FALL
2026-04-21T14:44:30.533,-0.887,-0.022,0.327,-8.661,99.423,8.388,0.946,100.151,11,0.0,CHECK_FALL
2026-04-21T14:44:30.546,-0.638,-0.026,0.817,-29.381,113.353,-11.632,1.037,117.675,10,0.0,CHECK_FALL
2026-04-21T14:44:30.563,-0.113,0.132,0.943,-42.891,87.383,-21.432,0.959,99.673,15,0.0,CHECK_FALL
2026-04-21T14:44:30.573,0.096,0.203,0.971,-34.491,76.463,-22.412,0.996,86.824,5,0.0,CHECK_FALL
2026-04-21T14:44:30.573,0.313,0.437,1.044,-14.471,56.793,-18.982,1.174,61.605,10,0.0,CHECK_FALL
2026-04-21T14:44:30.589,0.347,0.607,0.977,-14.541,46.783,-11.912,1.201,50.418,10,0.0,CHECK_FALL
2026-04-21T14:44:30.604,0.26,0.677,0.847,-16.921,35.513,0.198,1.115,39.339,10,0.0,CHECK_FALL
2026-04-21T14:44:30.604,0.26,0.57,0.98,-30.431,6.113,2.648,1.163,31.152,10,0.0,CHECK_FALL
2026-04-21T14:44:30.620,0.286,0.549,1.033,-39.741,28.513,5.518,1.204,49.222,10,0.0,CHECK_FALL
2026-04-21T14:44:30.631,0.459,0.533,0.973,-12.861,-40.297,-14.432,1.201,44.694,10,0.0,CHECK_FALL
2026-04-21T14:44:30.643,0.07,0.721,1.46,11.499,-65.847,-16.112,1.63,68.758,10,0.0,CHECK_FALL
2026-04-21T14:44:30.654,-0.152,0.731,1.535,18.499,-40.927,-6.172,1.706,45.336,10,0.0,CHECK_FALL
2026-04-21T14:44:30.654,-0.055,0.489,1.451,16.609,19.973,-3.372,1.532,26.194,10,0.0,CHECK_FALL
2026-04-21T14:44:30.670,-0.075,0.413,1.375,0.579,66.593,-4.422,1.438,66.742,10,0.0,CHECK_FALL
2026-04-21T14:44:30.680,-0.182,0.555,1.282,-6.491,109.153,-4.002,1.409,109.419,10,0.0,CHECK_FALL
2026-04-21T14:44:30.680,-0.141,0.636,0.811,-13.351,110.553,-8.552,1.04,111.684,10,0.0,CHECK_FALL
2026-04-21T14:44:30.698,-0.01,0.68,1.297,-17.971,164.663,-4.422,1.465,165.7,10,0.0,CHECK_FALL
2026-04-21T14:44:30.714,0.222,0.305,1.195,-11.461,172.573,-28.432,1.253,175.274,10,0.0,CHECK_FALL
2026-04-21T14:44:30.714,0.44,-0.024,1.368,-8.871,248.243,-61.192,1.437,255.827,10,0.0,CHECK_FALL
2026-04-21T14:44:30.730,-0.079,0.529,1.199,1.559,207.223,-37.742,1.313,210.637,10,0.0,CHECK_FALL
2026-04-21T14:44:30.740,-0.27,0.17,2.876,-40.721,255.523,-23.532,2.894,259.815,9,0.0,CHECK_FALL
2026-04-21T14:44:30.740,-0.171,0.505,3.378,-65.361,313.973,21.968,3.42,321.455,11,0.0,CHECK_FALL
2026-04-21T14:44:30.756,-0.159,0.576,3.689,-42.541,264.063,27.008,3.737,268.828,10,0.0,CHECK_FALL
2026-04-21T14:44:30.773,0.114,0.998,3.308,-8.451,153.743,13.428,3.457,154.559,10,0.0,CHECK_FALL
2026-04-21T14:44:30.783,0.14,0.586,2.255,12.129,124.133,-17.372,2.334,125.928,9,0.0,CHECK_FALL
2026-04-21T14:44:30.783,0.146,0.342,1.335,18.499,123.013,-63.502,1.386,139.667,11,0.0,CHECK_FALL
2026-04-21T14:44:30.799,0.13,0.134,0.602,-20.701,140.723,-80.232,0.63,163.305,10,0.0,CHECK_FALL
2026-04-21T14:44:30.814,0.139,0.408,1.326,-22.521,246.143,-67.562,1.394,256.238,10,0.0,CHECK_FALL
2026-04-21T14:44:30.814,0.069,0.074,1.367,-18.111,298.363,-55.942,1.371,304.102,10,0.0,CHECK_FALL
2026-04-21T14:44:30.831,-0.008,0.099,1.301,8.979,198.963,-68.402,1.305,210.584,10,0.0,CHECK_FALL
2026-04-21T14:44:30.841,0.033,0.166,1.384,18.569,105.723,-54.822,1.394,120.53,10,0.0,CHECK_FALL
2026-04-21T14:44:30.841,0.059,0.165,1.161,8.769,91.023,-48.592,1.174,103.553,10,0.0,CHECK_FALL
2026-04-21T14:44:30.857,0.034,0.133,1.333,4.569,65.123,-32.422,1.34,72.89,10,0.0,CHECK_FALL
2026-04-21T14:44:30.873,0.022,0.093,1.176,-0.541,31.033,-14.922,1.18,34.438,10,0.0,CHECK_FALL
2026-04-21T14:44:30.883,0.017,0.089,1.083,0.019,21.723,-9.392,1.087,23.666,10,0.0,CHECK_FALL
2026-04-21T14:44:30.883,0.026,0.09,1.068,2.259,11.993,-6.102,1.072,13.644,10,0.0,CHECK_FALL
2026-04-21T14:44:30.899,0.033,0.086,1.084,1.279,7.303,-4.842,1.088,8.855,10,0.0,CHECK_FALL
2026-04-21T14:44:30.915,0.039,0.095,1.086,0.369,6.603,-3.582,1.091,7.521,10,0.0,CHECK_FALL
2026-04-21T14:44:30.915,0.034,0.09,1.089,-0.121,6.533,-2.952,1.093,7.17,10,0.0,CHECK_FALL
2026-04-21T14:44:30.930,0.034,0.083,1.085,-1.801,4.573,-2.182,1.088,5.377,10,0.0,CHECK_FALL
2026-04-21T14:44:30.930,0.03,0.078,1.097,-2.291,2.683,-2.392,1.1,4.262,10,0.0,CHECK_FALL
2026-04-21T14:44:30.946,0.028,0.081,1.104,-2.081,0.373,-2.812,1.108,3.518,10,0.0,CHECK_FALL
2026-04-21T14:44:30.957,0.026,0.088,1.109,-2.501,-0.817,-2.882,1.112,3.902,10,0.0,CHECK_FALL
2026-04-21T14:44:30.972,0.025,0.086,1.081,-1.521,-0.467,-3.022,1.085,3.415,10,0.0,CHECK_FALL
2026-04-21T14:44:30.972,0.025,0.086,1.069,0.369,-0.537,-3.092,1.072,3.159,10,0.0,CHECK_FALL
2026-04-21T14:44:30.989,0.029,0.09,1.073,1.489,-0.537,-2.882,1.078,3.288,9,0.0,CHECK_FALL
2026-04-21T14:44:30.999,0.022,0.084,1.076,0.999,-1.867,-2.532,1.079,3.3,11,0.0,CHECK_FALL
2026-04-21T14:44:31.016,0.029,0.08,1.063,0.369,-1.867,-2.812,1.067,3.395,10,0.0,CHECK_FALL
2026-04-21T14:44:31.016,0.044,0.087,1.06,-0.611,-2.427,-2.112,1.064,3.275,10,0.0,CHECK_FALL
2026-04-21T14:44:31.032,0.031,0.081,1.06,-0.401,-2.987,-1.762,1.064,3.491,9,0.0,CHECK_FALL
2026-04-21T14:44:31.032,0.032,0.084,1.078,-0.261,-3.267,-1.342,1.082,3.542,11,0.0,CHECK_FALL
2026-04-21T14:44:31.048,0.035,0.086,1.076,-1.031,-3.617,-1.342,1.08,3.993,10,0.0,CHECK_FALL
2026-04-21T14:44:31.065,0.033,0.083,1.079,-1.661,-3.337,-1.342,1.083,3.962,10,0.0,CHECK_FALL
2026-04-21T14:44:31.065,0.026,0.087,1.082,-1.521,-4.317,-1.342,1.086,4.77,10,0.0,CHECK_FALL
2026-04-21T14:44:31.079,0.021,0.087,1.062,0.369,-3.617,-1.692,1.066,4.01,10,0.0,CHECK_FALL
2026-04-21T14:44:31.087,0.035,0.088,1.087,0.649,-3.127,-1.482,1.091,3.521,10,0.0,CHECK_FALL
2026-04-21T14:44:31.095,0.031,0.085,1.084,-0.121,-4.177,-1.762,1.088,4.535,10,0.0,CHECK_FALL
2026-04-21T14:44:31.112,0.037,0.086,1.076,-2.291,-5.017,-1.552,1.08,5.73,10,0.0,CHECK_FALL
2026-04-21T14:44:31.121,0.013,0.086,1.089,-3.481,-4.387,-2.252,1.093,6.036,10,0.0,CHECK_FALL
2026-04-21T14:44:31.121,0.027,0.088,1.082,-2.921,-5.157,-2.112,1.086,6.292,10,0.0,CHECK_FALL
2026-04-21T14:44:31.138,0.023,0.091,1.047,-1.311,-4.807,-1.762,1.051,5.285,10,0.0,CHECK_FALL
2026-04-21T14:44:31.154,0.036,0.089,1.088,0.369,-5.227,-1.342,1.092,5.409,10,0.0,CHECK_FALL
2026-04-21T14:44:31.159,0.025,0.09,1.114,-0.261,-5.997,-1.482,1.118,6.183,10,0.0,CHECK_FALL
2026-04-21T14:44:31.164,0.013,0.092,1.088,1.069,-5.857,-1.132,1.092,6.061,11,0.0,CHECK_FALL
2026-04-21T14:44:31.180,0.017,0.093,1.067,3.169,-5.437,-0.362,1.071,6.304,9,0.0,CHECK_FALL
2026-04-21T14:44:31.180,0.02,0.089,1.059,3.239,-5.647,-0.222,1.063,6.514,10,0.0,CHECK_FALL
2026-04-21T14:44:31.196,0.043,0.098,1.075,-0.891,-7.047,0.058,1.08,7.104,10,0.0,CHECK_FALL
2026-04-21T14:44:31.212,0.031,0.099,1.083,-2.151,-7.957,0.968,1.088,8.3,10,0.0,CHECK_FALL
2026-04-21T14:44:31.222,0.018,0.095,1.048,-1.521,-9.427,0.408,1.052,9.558,10,0.0,CHECK_FALL
2026-04-21T14:44:31.222,-0.131,0.129,1.064,-0.261,-6.697,8.388,1.08,10.737,10,0.0,CHECK_FALL
2026-04-21T14:44:31.238,0.018,0.102,1.08,4.849,-8.167,1.178,1.085,9.571,9,0.0,CHECK_FALL
2026-04-21T14:44:31.253,0.027,0.098,1.069,5.619,-10.547,2.438,1.073,12.197,11,0.0,CHECK_FALL
2026-04-21T14:44:31.253,0.067,0.113,1.056,3.519,-4.107,-0.992,1.065,5.499,10,0.0,CHECK_FALL
2026-04-21T14:44:31.270,0.038,0.098,1.113,1.769,-3.827,-1.902,1.118,4.625,10,0.0,CHECK_FALL
2026-04-21T14:44:31.279,0.033,0.104,1.079,-2.011,0.233,-2.322,1.085,3.08,9,0.0,CHECK_FALL
2026-04-21T14:44:31.295,0.021,0.1,1.02,-0.891,2.403,-2.812,1.025,3.804,11,0.0,CHECK_FALL
2026-04-21T14:44:31.300,0.021,0.098,1.045,-0.121,2.753,-2.882,1.05,3.987,10,0.0,CHECK_FALL
2026-04-21T14:44:31.300,0.024,0.099,1.067,2.119,2.403,-2.602,1.071,4.127,10,0.0,CHECK_FALL
2026-04-21T14:44:31.316,0.027,0.099,1.105,3.379,1.283,-2.812,1.109,4.579,10,0.0,CHECK_FALL
2026-04-21T14:44:31.326,0.041,0.096,1.078,1.979,0.093,-2.812,1.083,3.439,10,0.0,CHECK_FALL
2026-04-21T14:44:31.342,0.033,0.094,1.075,0.859,-1.237,-2.952,1.08,3.314,10,0.0,CHECK_FALL
2026-04-21T14:44:31.342,0.034,0.096,1.09,0.439,-2.147,-3.092,1.094,3.79,10,0.0,CHECK_FALL
2026-04-21T14:44:31.358,0.03,0.1,1.086,0.369,-2.427,-3.092,1.091,3.948,10,0.0,CHECK_FALL
2026-04-21T14:44:31.374,0.026,0.099,1.07,0.439,-2.217,-3.162,1.075,3.886,10,0.0,CHECK_FALL
2026-04-21T14:44:31.384,0.029,0.097,1.064,0.649,-2.217,-3.162,1.069,3.916,10,0.0,CHECK_FALL
2026-04-21T14:44:31.384,0.028,0.097,1.07,0.509,-2.077,-3.232,1.074,3.875,10,0.0,CHECK_FALL
2026-04-21T14:44:31.400,0.026,0.098,1.075,0.439,-2.007,-3.232,1.08,3.829,10,0.0,CHECK_FALL
2026-04-21T14:44:31.400,0.029,0.099,1.075,0.509,-1.587,-3.092,1.08,3.512,10,0.0,CHECK_FALL
2026-04-21T14:44:31.417,0.029,0.097,1.073,0.159,-1.517,-3.092,1.077,3.447,10,0.0,CHECK_FALL
2026-04-21T14:44:31.426,0.028,0.095,1.066,-0.401,-1.867,-2.882,1.071,3.457,10,0.0,CHECK_FALL
2026-04-21T14:44:31.443,0.029,0.098,1.074,-0.191,-1.867,-2.742,1.079,3.323,10,0.0,CHECK_FALL
2026-04-21T14:44:31.443,0.026,0.098,1.073,-0.191,-1.797,-2.812,1.077,3.342,10,0.0,CHECK_FALL
2026-04-21T14:44:31.459,0.03,0.098,1.065,-0.051,-1.727,-2.742,1.07,3.241,10,0.0,CHECK_FALL
2026-04-21T14:44:31.475,0.028,0.1,1.067,-0.121,-1.727,-2.742,1.072,3.243,10,0.0,CHECK_FALL
2026-04-21T14:44:31.485,0.032,0.096,1.075,0.019,-1.727,-2.672,1.08,3.181,10,0.0,CHECK_FALL
2026-04-21T14:44:31.485,0.028,0.1,1.078,-0.261,-1.867,-2.602,1.083,3.213,9,0.0,CHECK_FALL
2026-04-21T14:44:31.501,0.028,0.095,1.07,-0.051,-2.007,-2.602,1.075,3.286,11,0.0,CHECK_FALL
2026-04-21T14:44:31.501,0.027,0.095,1.07,-0.051,-1.937,-2.462,1.074,3.133,10,0.0,CHECK_FALL
2026-04-21T14:44:31.517,0.026,0.096,1.071,-0.121,-2.077,-2.532,1.075,3.277,10,0.0,CHECK_FALL
2026-04-21T14:44:31.527,0.029,0.098,1.069,0.019,-2.007,-2.462,1.074,3.176,9,0.0,CHECK_FALL
2026-04-21T14:44:31.543,0.031,0.098,1.075,-0.751,-1.867,-2.532,1.08,3.234,11,0.0,CHECK_FALL
2026-04-21T14:44:31.543,0.027,0.097,1.069,-1.381,-1.797,-2.462,1.073,3.346,10,0.0,CHECK_FALL
2026-04-21T14:44:31.559,0.029,0.097,1.066,-1.381,-1.937,-2.602,1.071,3.525,10,0.0,CHECK_FALL
2026-04-21T14:44:31.575,0.029,0.095,1.071,-2.011,-1.867,-2.532,1.075,3.734,10,0.0,CHECK_FALL
2026-04-21T14:44:31.585,0.027,0.096,1.078,-2.011,-2.007,-2.602,1.083,3.852,10,0.0,CHECK_FALL
2026-04-21T14:44:31.585,0.022,0.1,1.077,-1.311,-2.217,-2.672,1.082,3.711,10,0.0,CHECK_FALL
2026-04-21T14:44:31.603,0.029,0.096,1.068,-2.151,-2.077,-2.672,1.073,4.01,10,0.0,CHECK_FALL
2026-04-21T14:44:31.613,0.025,0.096,1.084,-2.361,-2.217,-2.812,1.088,4.289,10,0.0,CHECK_FALL
2026-04-21T14:44:31.621,0.022,0.1,1.074,-2.291,-2.007,-2.882,1.079,4.193,10,0.0,CHECK_FALL
2026-04-21T14:44:31.629,0.02,0.098,1.069,-0.821,-2.007,-2.742,1.074,3.496,10,0.0,CHECK_FALL
2026-04-21T14:44:31.640,0.021,0.097,1.074,-0.051,-2.077,-2.672,1.079,3.384,10,0.0,CHECK_FALL
2026-04-21T14:44:31.640,0.023,0.098,1.066,0.439,-2.217,-2.672,1.071,3.499,10,0.0,CHECK_FALL
2026-04-21T14:44:31.665,0.023,0.098,1.073,0.859,-2.147,-2.602,1.077,3.481,10,0.0,CHECK_FALL
2026-04-21T14:44:31.670,0.022,0.096,1.077,0.929,-2.497,-2.462,1.082,3.627,10,0.0,CHECK_FALL
2026-04-21T14:44:31.676,0.025,0.097,1.072,0.509,-2.567,-2.392,1.077,3.545,10,0.0,CHECK_FALL
2026-04-21T14:44:31.686,0.025,0.098,1.071,0.509,-2.567,-2.322,1.075,3.498,10,0.0,CHECK_FALL
2026-04-21T14:44:31.703,0.022,0.099,1.068,0.369,-2.287,-2.252,1.073,3.231,10,0.0,CHECK_FALL
2026-04-21T14:44:31.703,0.024,0.099,1.073,0.299,-1.937,-2.322,1.077,3.038,10,0.0,CHECK_FALL
2026-04-21T14:44:31.719,0.023,0.097,1.071,0.439,-2.217,-2.462,1.076,3.342,10,0.0,CHECK_FALL
2026-04-21T14:44:31.734,0.023,0.098,1.075,0.509,-2.007,-2.602,1.08,3.325,10,0.0,CHECK_FALL
2026-04-21T14:44:31.744,0.023,0.099,1.075,0.299,-1.867,-2.532,1.08,3.16,9,0.0,CHECK_FALL
2026-04-21T14:44:31.744,0.025,0.099,1.074,0.089,-2.147,-2.462,1.079,3.268,11,0.0,CHECK_FALL
2026-04-21T14:44:31.760,0.024,0.099,1.071,0.299,-1.937,-2.322,1.075,3.038,10,0.0,CHECK_FALL
2026-04-21T14:44:31.760,0.025,0.098,1.075,0.229,-1.797,-2.462,1.08,3.056,10,0.0,CHECK_FALL
2026-04-21T14:44:31.776,0.023,0.096,1.069,0.159,-1.797,-2.392,1.074,2.996,9,0.0,CHECK_FALL
2026-04-21T14:44:31.787,0.022,0.097,1.075,0.019,-2.077,-2.462,1.08,3.221,11,0.0,CHECK_FALL
2026-04-21T14:44:31.803,0.023,0.098,1.073,-0.121,-1.867,-2.462,1.077,3.092,10,0.0,CHECK_FALL
2026-04-21T14:44:31.803,0.021,0.099,1.077,0.299,-1.657,-2.532,1.082,3.04,10,0.0,CHECK_FALL
2026-04-21T14:44:31.819,0.023,0.099,1.069,-0.051,-2.217,-2.672,1.074,3.472,10,0.0,CHECK_FALL
2026-04-21T14:44:31.835,0.023,0.1,1.075,-0.051,-1.867,-2.602,1.08,3.203,10,0.0,CHECK_FALL
2026-04-21T14:44:31.845,0.022,0.099,1.069,0.159,-1.797,-2.672,1.074,3.224,10,0.0,CHECK_FALL
2026-04-21T14:44:31.845,0.022,0.098,1.071,0.299,-1.657,-2.672,1.076,3.158,10,0.0,CHECK_FALL
2026-04-21T14:44:31.863,0.023,0.098,1.073,0.439,-1.937,-2.532,1.077,3.218,10,0.0,CHECK_FALL
2026-04-21T14:44:31.863,0.024,0.098,1.07,0.509,-1.937,-2.532,1.075,3.228,10,0.0,CHECK_FALL
2026-04-21T14:44:31.879,0.022,0.098,1.073,0.159,-2.357,-2.532,1.078,3.463,10,0.0,CHECK_FALL
2026-04-21T14:44:31.889,0.023,0.099,1.075,0.369,-2.287,-2.532,1.08,3.432,10,0.0,CHECK_FALL
2026-04-21T14:44:31.889,0.022,0.1,1.073,0.089,-2.287,-2.532,1.078,3.413,10,0.0,CHECK_FALL
2026-04-21T14:44:31.905,0.025,0.097,1.072,0.089,-2.357,-2.462,1.077,3.409,10,0.0,CHECK_FALL
2026-04-21T14:44:31.922,0.025,0.099,1.073,0.089,-2.357,-2.532,1.078,3.46,10,0.0,CHECK_FALL
2026-04-21T14:44:31.922,0.023,0.1,1.076,0.019,-2.287,-2.602,1.081,3.464,10,0.0,CHECK_FALL
2026-04-21T14:44:31.938,0.022,0.1,1.073,0.019,-2.217,-2.532,1.078,3.365,10,0.0,CHECK_FALL
2026-04-21T14:44:31.949,0.022,0.099,1.073,0.089,-2.217,-2.462,1.078,3.314,10,0.0,CHECK_FALL
2026-04-21T14:44:31.965,0.021,0.1,1.072,0.439,-2.287,-2.602,1.076,3.492,10,0.0,CHECK_FALL
2026-04-21T14:44:31.965,0.023,0.097,1.073,0.649,-2.287,-2.532,1.078,3.473,10,0.0,CHECK_FALL
2026-04-21T14:44:31.981,0.023,0.099,1.072,0.439,-2.357,-2.602,1.076,3.538,10,0.0,CHECK_FALL
2026-04-21T14:44:31.991,0.024,0.099,1.073,0.579,-2.357,-2.532,1.078,3.507,9,0.0,CHECK_FALL
2026-04-21T14:44:31.991,0.023,0.101,1.072,0.439,-2.217,-2.392,1.077,3.291,11,0.0,CHECK_FALL
2026-04-21T14:44:32.007,0.021,0.099,1.072,0.649,-2.147,-2.532,1.077,3.382,10,0.0,CHECK_FALL
2026-04-21T14:44:32.023,0.02,0.1,1.073,0.649,-2.217,-2.532,1.078,3.427,10,0.0,CHECK_FALL
2026-04-21T14:44:32.023,0.023,0.098,1.073,0.789,-2.077,-2.462,1.077,3.316,9,0.0,CHECK_FALL
2026-04-21T14:44:32.039,0.021,0.099,1.072,0.719,-2.287,-2.462,1.076,3.436,11,0.0,CHECK_FALL
2026-04-21T14:44:32.049,0.023,0.098,1.072,0.509,-2.287,-2.532,1.077,3.45,10,0.0,CHECK_FALL
2026-04-21T14:44:32.049,0.023,0.099,1.071,0.229,-2.287,-2.532,1.076,3.419,10,0.0,CHECK_FALL
2026-04-21T14:44:32.065,0.02,0.1,1.075,0.719,-2.217,-2.462,1.08,3.39,10,0.0,CHECK_FALL
2026-04-21T14:44:32.082,0.022,0.1,1.073,0.299,-2.147,-2.532,1.078,3.333,10,0.0,CHECK_FALL
2026-04-21T14:44:32.092,0.022,0.1,1.072,0.019,-2.147,-2.532,1.076,3.32,10,0.0,CHECK_FALL
2026-04-21T14:44:32.092,0.023,0.099,1.08,-0.121,-1.797,-2.532,1.085,3.107,10,0.0,CHECK_FALL
2026-04-21T14:44:32.109,0.023,0.1,1.07,-0.121,-1.867,-2.462,1.075,3.092,10,0.0,CHECK_FALL
2026-04-21T14:44:32.126,0.022,0.1,1.072,0.159,-1.867,-2.602,1.076,3.206,10,0.0,CHECK_FALL
2026-04-21T14:44:32.129,0.022,0.1,1.069,0.509,-1.797,-2.602,1.074,3.203,10,0.0,CHECK_FALL
2026-04-21T14:44:32.145,0.021,0.099,1.07,0.719,-1.797,-2.602,1.074,3.243,10,0.0,CHECK_FALL
2026-04-21T14:44:32.145,0.023,0.098,1.073,0.929,-2.007,-2.672,1.078,3.468,10,0.0,CHECK_FALL
2026-04-21T14:44:32.155,0.02,0.101,1.074,0.929,-1.867,-2.602,1.079,3.334,10,0.0,CHECK_FALL
2026-04-21T14:44:32.172,0.022,0.1,1.072,0.719,-1.867,-2.532,1.077,3.227,10,0.0,CHECK_FALL
2026-04-21T14:44:32.177,0.022,0.1,1.072,0.719,-1.867,-2.532,1.077,3.227,10,0.0,ANALYZE_IMPACT
2026-04-21T14:44:32.189,0.022,0.1,1.072,0.719,-1.867,-2.532,1.077,3.227,10,1.0,DETECTED_FALL
2026-04-21T14:44:32.198,0.022,0.101,1.073,0.859,-1.867,-2.602,1.077,3.315,30,0.0,STATIONARY_POST_FALL
2026-04-21T14:44:32.214,0.024,0.101,1.072,0.789,-2.007,-2.602,1.077,3.379,10,0.0,STATIONARY_POST_FALL
2026-04-21T14:44:32.218,0.024,0.101,1.074,0.649,-1.727,-2.602,1.079,3.189,10,0.0,STATIONARY_POST_FALL
2026-04-21T14:44:32.234,0.023,0.101,1.072,0.369,-1.867,-2.602,1.077,3.223,10,0.0,STATIONARY_POST_FALL
2026-04-21T14:44:32.242,0.023,0.099,1.069,0.439,-1.937,-2.602,1.073,3.273,9,0.0,STATIONARY_POST_FALL
2026-04-21T14:44:32.251,0.023,0.1,1.072,0.369,-1.867,-2.532,1.076,3.167,11,0.0,STATIONARY_POST_FALL
2026-04-21T14:44:32.265,0.024,0.1,1.073,0.229,-2.007,-2.532,1.077,3.239,10,0.0,STATIONARY_POST_FALL
2026-04-21T14:44:32.270,0.022,0.099,1.073,0.159,-2.007,-2.602,1.078,3.29,10,0.0,STATIONARY_POST_FALL
2026-04-21T14:44:32.279,0.022,0.101,1.072,0.159,-2.077,-2.462,1.077,3.225,9,0.0,STATIONARY_POST_FALL
2026-04-21T14:44:32.296,0.022,0.102,1.074,0.019,-2.007,-2.532,1.079,3.231,11,0.0,STATIONARY_POST_FALL
2026-04-21T14:44:32.304,0.023,0.098,1.074,0.159,-1.937,-2.532,1.079,3.192,10,0.0,STATIONARY_POST_FALL
2026-04-21T14:44:32.313,0.022,0.099,1.069,0.229,-1.727,-2.462,1.074,3.016,10,0.0,STATIONARY_POST_FALL
2026-04-21T14:44:32.313,0.024,0.098,1.073,0.439,-2.147,-2.602,1.078,3.402,10,0.0,STATIONARY_POST_FALL
2026-04-21T14:44:32.329,0.023,0.102,1.074,0.089,-1.797,-2.532,1.079,3.106,10,0.0,STATIONARY_POST_FALL
2026-04-21T14:44:32.345,0.021,0.098,1.073,0.229,-2.007,-2.532,1.077,3.239,10,0.0,STATIONARY_POST_FALL
2026-04-21T14:44:32.345,0.022,0.102,1.073,0.229,-1.727,-2.532,1.078,3.073,10,0.0,STATIONARY_POST_FALL
2026-04-21T14:44:32.362,0.021,0.096,1.071,0.089,-2.007,-2.532,1.075,3.232,10,0.0,STATIONARY_POST_FALL
2026-04-21T14:44:32.362,0.024,0.098,1.072,0.089,-2.007,-2.462,1.077,3.177,10,0.0,STATIONARY_POST_FALL
2026-04-21T14:44:32.378,0.022,0.099,1.07,0.159,-2.007,-2.532,1.074,3.235,10,0.0,STATIONARY_POST_FALL
2026-04-21T14:44:32.389,0.024,0.1,1.071,0.019,-2.147,-2.602,1.076,3.373,10,0.0,STATIONARY_POST_FALL
2026-04-21T14:44:32.405,0.023,0.099,1.07,0.019,-2.147,-2.532,1.075,3.32,10,0.0,STATIONARY_POST_FALL
2026-04-21T14:44:32.415,0.021,0.099,1.074,0.019,-2.147,-2.532,1.079,3.32,10,0.0,STATIONARY_POST_FALL
2026-04-21T14:44:32.415,0.022,0.101,1.075,-0.191,-2.147,-2.462,1.08,3.272,10,0.0,STATIONARY_POST_FALL
2026-04-21T14:44:32.431,0.02,0.099,1.074,-0.051,-2.217,-2.532,1.079,3.366,10,0.0,STATIONARY_POST_FALL
2026-04-21T14:44:32.431,0.023,0.101,1.073,-0.261,-2.077,-2.532,1.078,3.285,10,0.0,STATIONARY_POST_FALL
2026-04-21T14:44:32.447,0.022,0.099,1.074,0.019,-2.147,-2.602,1.079,3.373,10,0.0,STATIONARY_POST_FALL
2026-04-21T14:44:32.463,0.019,0.1,1.071,0.229,-2.077,-2.462,1.075,3.229,10,0.0,STATIONARY_POST_FALL
2026-04-21T14:44:32.463,0.021,0.1,1.071,0.439,-2.077,-2.532,1.075,3.304,10,0.0,STATIONARY_POST_FALL
2026-04-21T14:44:32.479,0.021,0.103,1.072,0.649,-2.287,-2.532,1.077,3.473,10,0.0,STATIONARY_POST_FALL
2026-04-21T14:44:32.490,0.02,0.1,1.072,0.649,-2.077,-2.532,1.076,3.338,9,0.0,STATIONARY_POST_FALL
2026-04-21T14:44:32.506,0.021,0.102,1.072,0.719,-2.077,-2.532,1.077,3.353,11,0.0,STATIONARY_POST_FALL
2026-04-21T14:44:32.506,0.019,0.101,1.069,0.789,-2.217,-2.532,1.074,3.456,10,0.0,STATIONARY_POST_FALL
2026-04-21T14:44:32.516,0.019,0.098,1.07,0.859,-2.147,-2.602,1.075,3.481,10,0.0,STATIONARY_POST_FALL
2026-04-21T14:44:32.532,0.018,0.102,1.074,0.579,-2.217,-2.532,1.079,3.415,9,0.0,STATIONARY_POST_FALL
2026-04-21T14:44:32.532,0.02,0.099,1.072,0.369,-2.287,-2.532,1.076,3.432,11,0.0,STATIONARY_POST_FALL
2026-04-21T14:44:32.549,0.022,0.101,1.072,0.089,-2.287,-2.672,1.077,3.518,10,0.0,STATIONARY_POST_FALL
2026-04-21T14:44:32.565,0.019,0.098,1.072,0.439,-2.357,-2.602,1.076,3.538,10,0.0,STATIONARY_POST_FALL
2026-04-21T14:44:32.565,0.021,0.099,1.073,0.789,-2.147,-2.532,1.078,3.412,10,0.0,STATIONARY_POST_FALL
2026-04-21T14:44:32.581,0.021,0.101,1.075,0.369,-2.147,-2.532,1.08,3.34,10,0.0,STATIONARY_POST_FALL
2026-04-21T14:44:32.591,0.021,0.1,1.079,0.089,-1.587,-2.532,1.084,2.989,10,0.0,STATIONARY_POST_FALL
2026-04-21T14:44:32.591,0.023,0.099,1.072,-0.191,-2.217,-2.532,1.077,3.371,10,0.0,STATIONARY_POST_FALL
2026-04-21T14:44:32.608,0.02,0.101,1.074,-0.051,-1.727,-2.532,1.079,3.065,10,0.0,STATIONARY_POST_FALL
2026-04-21T14:44:32.618,0.019,0.099,1.071,0.299,-1.937,-2.602,1.075,3.257,10,0.0,STATIONARY_POST_FALL
2026-04-21T14:44:32.634,0.017,0.102,1.069,0.439,-1.797,-2.462,1.074,3.079,10,0.0,STATIONARY_POST_FALL
2026-04-21T14:44:32.634,0.018,0.1,1.071,1.069,-1.937,-2.392,1.076,3.258,10,0.0,STATIONARY_POST_FALL
2026-04-21T14:44:32.652,0.021,0.102,1.076,1.139,-1.797,-2.532,1.081,3.307,10,0.0,STATIONARY_POST_FALL
2026-04-21T14:44:32.663,0.02,0.1,1.075,0.859,-1.727,-2.462,1.08,3.127,10,0.0,STATIONARY_POST_FALL
2026-04-21T14:44:32.673,0.023,0.102,1.074,1.069,-1.867,-2.602,1.08,3.376,10,0.0,STATIONARY_POST_FALL
2026-04-21T14:44:32.679,0.021,0.103,1.072,0.999,-1.937,-2.322,1.077,3.184,10,0.0,STATIONARY_POST_FALL
2026-04-21T14:44:32.691,0.022,0.1,1.072,0.999,-2.217,-2.602,1.076,3.561,10,0.0,STATIONARY_POST_FALL
2026-04-21T14:44:32.701,0.022,0.102,1.073,0.859,-2.007,-2.462,1.078,3.29,10,1.077,STATIONARY_POST_FALL
2026-04-21T14:44:32.701,0.022,0.102,1.074,0.929,-1.937,-2.532,1.079,3.32,10,1.077,STATIONARY_POST_FALL
2026-04-21T14:44:32.718,0.024,0.105,1.075,0.649,-1.937,-2.392,1.081,3.145,10,1.077,STATIONARY_POST_FALL
2026-04-21T14:44:32.728,0.02,0.1,1.073,0.509,-1.867,-2.462,1.078,3.131,10,1.077,STATIONARY_POST_FALL
2026-04-21T14:44:32.744,0.021,0.102,1.074,0.439,-1.937,-2.462,1.079,3.163,9,1.077,STATIONARY_POST_FALL
2026-04-21T14:44:32.744,0.022,0.1,1.073,0.439,-1.727,-2.392,1.078,2.983,11,1.077,STATIONARY_POST_FALL
2026-04-21T14:44:32.760,0.021,0.099,1.067,0.579,-2.007,-2.392,1.072,3.175,10,1.077,STATIONARY_POST_FALL
2026-04-21T14:44:32.775,0.023,0.1,1.072,0.649,-1.867,-2.532,1.077,3.212,10,1.077,STATIONARY_POST_FALL
2026-04-21T14:44:32.775,0.024,0.099,1.073,0.229,-1.867,-2.532,1.077,3.154,9,1.077,STATIONARY_POST_FALL
2026-04-21T14:44:32.792,0.022,0.1,1.074,0.019,-1.937,-2.532,1.079,3.188,11,1.077,STATIONARY_POST_FALL
2026-04-21T14:44:32.802,0.02,0.1,1.076,0.159,-1.867,-2.392,1.081,3.038,10,1.077,STATIONARY_POST_FALL
2026-04-21T14:44:32.802,0.022,0.102,1.07,-0.051,-2.147,-2.462,1.075,3.267,10,1.077,STATIONARY_POST_FALL
2026-04-21T14:44:32.818,0.022,0.102,1.075,0.019,-2.077,-2.462,1.08,3.221,10,1.077,STATIONARY_POST_FALL
2026-04-21T14:44:32.828,0.021,0.103,1.072,0.019,-1.867,-2.602,1.077,3.202,10,1.077,STATIONARY_POST_FALL
2026-04-21T14:44:32.845,0.019,0.101,1.07,0.019,-1.867,-2.532,1.074,3.146,10,1.077,STATIONARY_POST_FALL
2026-04-21T14:44:32.845,0.02,0.101,1.069,0.439,-2.147,-2.532,1.074,3.348,10,1.077,STATIONARY_POST_FALL
2026-04-21T14:44:32.862,0.02,0.098,1.074,0.299,-2.147,-2.462,1.079,3.28,10,1.077,STATIONARY_POST_FALL
2026-04-21T14:44:32.862,0.021,0.101,1.075,-0.121,-1.937,-2.462,1.08,3.135,10,1.077,STATIONARY_POST_FALL
2026-04-21T14:44:32.878,0.023,0.104,1.076,-0.891,-1.937,-2.462,1.081,3.257,10,1.077,STATIONARY_POST_FALL
2026-04-21T14:44:32.893,0.024,0.098,1.075,-1.241,-2.147,-2.532,1.08,3.544,10,1.077,STATIONARY_POST_FALL
2026-04-21T14:44:32.904,0.02,0.103,1.072,-1.241,-2.357,-2.532,1.077,3.675,10,1.077,STATIONARY_POST_FALL
2026-04-21T14:44:32.904,0.021,0.1,1.069,-1.031,-2.287,-2.602,1.074,3.614,10,1.077,STATIONARY_POST_FALL
2026-04-21T14:44:32.920,0.019,0.099,1.072,-0.821,-2.077,-2.532,1.077,3.376,10,1.077,STATIONARY_POST_FALL
2026-04-21T14:44:32.930,0.018,0.102,1.075,-1.241,-2.007,-2.532,1.08,3.461,10,1.077,STATIONARY_POST_FALL
2026-04-21T14:44:32.930,0.024,0.1,1.077,-1.661,-2.287,-2.462,1.082,3.748,10,1.077,STATIONARY_POST_FALL
2026-04-21T14:44:32.947,0.019,0.102,1.074,-2.361,-2.427,-2.042,1.079,3.954,10,1.077,STATIONARY_POST_FALL
2026-04-21T14:44:32.962,0.017,0.102,1.067,-0.961,-2.427,-2.462,1.072,3.588,10,1.077,STATIONARY_POST_FALL
2026-04-21T14:44:32.962,0.015,0.102,1.067,-0.331,-2.357,-2.392,1.072,3.374,10,1.077,STATIONARY_POST_FALL
2026-04-21T14:44:32.978,0.014,0.102,1.073,0.089,-2.077,-2.462,1.077,3.222,10,1.077,STATIONARY_POST_FALL
2026-04-21T14:44:32.994,0.014,0.1,1.074,-0.191,-2.077,-2.602,1.079,3.335,9,1.077,STATIONARY_POST_FALL
2026-04-21T14:44:33.004,0.016,0.101,1.074,-0.191,-1.797,-2.602,1.079,3.168,11,1.077,STATIONARY_POST_FALL
2026-04-21T14:44:33.004,0.019,0.1,1.069,-0.051,-1.937,-2.672,1.073,3.3,10,1.077,STATIONARY_POST_FALL
2026-04-21T14:44:33.021,0.017,0.101,1.072,0.089,-2.007,-2.672,1.076,3.343,10,1.077,STATIONARY_POST_FALL
2026-04-21T14:44:33.030,0.016,0.101,1.069,0.369,-2.007,-2.532,1.074,3.252,9,1.077,STATIONARY_POST_FALL
2026-04-21T14:44:33.046,0.018,0.102,1.072,0.789,-2.217,-2.602,1.077,3.508,11,1.077,STATIONARY_POST_FALL
2026-04-21T14:44:33.046,0.017,0.103,1.078,0.369,-1.937,-2.602,1.083,3.265,10,1.077,STATIONARY_POST_FALL
2026-04-21T14:44:33.062,0.019,0.103,1.073,0.019,-2.147,-2.672,1.078,3.428,10,1.077,STATIONARY_POST_FALL
2026-04-21T14:44:33.062,0.017,0.1,1.07,0.299,-2.147,-2.672,1.075,3.441,10,1.077,STATIONARY_POST_FALL
2026-04-21T14:44:33.078,0.014,0.1,1.07,1.349,-2.077,-2.602,1.074,3.592,10,1.077,STATIONARY_POST_FALL
2026-04-21T14:44:33.093,0.019,0.101,1.072,0.999,-2.077,-2.672,1.076,3.528,10,1.077,STATIONARY_POST_FALL
2026-04-21T14:44:33.093,0.019,0.105,1.079,0.859,-1.517,-2.602,1.084,3.132,10,1.077,STATIONARY_POST_FALL
2026-04-21T14:44:33.109,0.018,0.099,1.072,0.649,-1.657,-2.602,1.076,3.152,10,1.077,STATIONARY_POST_FALL
2026-04-21T14:44:33.119,0.018,0.103,1.071,0.649,-1.517,-2.672,1.076,3.14,10,1.077,STATIONARY_POST_FALL
2026-04-21T14:44:33.135,0.017,0.098,1.069,0.929,-1.447,-2.532,1.073,3.06,10,1.077,STATIONARY_POST_FALL
2026-04-21T14:44:33.145,0.017,0.101,1.067,1.419,-1.937,-2.462,1.072,3.439,10,1.077,STATIONARY_POST_FALL
2026-04-21T14:44:33.145,0.017,0.104,1.071,1.489,-1.797,-2.602,1.076,3.495,10,1.077,STATIONARY_POST_FALL
2026-04-21T14:44:33.163,0.018,0.101,1.072,1.279,-1.587,-2.602,1.076,3.305,10,1.077,STATIONARY_POST_FALL
2026-04-21T14:44:33.169,0.019,0.103,1.073,1.279,-1.307,-2.602,1.078,3.18,10,1.077,STATIONARY_POST_FALL
2026-04-21T14:44:33.169,0.019,0.101,1.074,1.069,-1.587,-2.532,1.079,3.173,10,1.077,STATIONARY_POST_FALL
2026-04-21T14:44:33.186,0.018,0.102,1.073,1.069,-1.517,-2.392,1.078,3.027,10,1.077,STATIONARY_POST_FALL
2026-04-21T14:44:33.202,0.019,0.101,1.073,1.209,-1.517,-2.462,1.077,3.134,10,1.077,STATIONARY_POST_FALL
2026-04-21T14:44:33.214,0.019,0.102,1.069,1.559,-1.377,-2.532,1.074,3.277,10,1.077,STATIONARY_POST_FALL
2026-04-21T14:44:33.214,0.019,0.101,1.073,1.629,-1.167,-2.672,1.078,3.34,10,1.077,STATIONARY_POST_FALL
2026-04-21T14:44:33.231,0.019,0.099,1.073,1.279,-1.097,-2.742,1.077,3.218,10,1.077,STATIONARY_POST_FALL
2026-04-21T14:44:33.240,0.019,0.102,1.071,1.419,-0.957,-2.742,1.076,3.232,9,1.077,STATIONARY_POST_FALL
2026-04-21T14:44:33.251,0.019,0.101,1.073,1.489,-1.027,-2.672,1.077,3.226,11,1.077,STATIONARY_POST_FALL
2026-04-21T14:44:33.261,0.02,0.1,1.074,1.629,-1.097,-2.742,1.079,3.372,10,1.077,STATIONARY_POST_FALL
2026-04-21T14:44:33.261,0.02,0.101,1.074,1.559,-1.167,-2.742,1.079,3.363,10,1.077,STATIONARY_POST_FALL
2026-04-21T14:44:33.279,0.021,0.1,1.075,0.999,-1.307,-2.742,1.08,3.197,9,1.077,STATIONARY_POST_FALL
2026-04-21T14:44:33.295,0.017,0.1,1.072,0.999,-1.307,-2.602,1.077,3.078,11,1.077,STATIONARY_POST_FALL
2026-04-21T14:44:33.295,0.02,0.101,1.073,1.139,-1.377,-2.602,1.078,3.156,10,1.077,STATIONARY_POST_FALL
2026-04-21T14:44:33.312,0.021,0.097,1.074,0.789,-1.377,-2.602,1.079,3.047,10,1.077,STATIONARY_POST_FALL
2026-04-21T14:44:33.312,0.018,0.1,1.073,1.209,-1.377,-2.742,1.078,3.298,10,1.077,STATIONARY_POST_FALL
2026-04-21T14:44:33.328,0.023,0.1,1.072,0.859,-1.587,-2.742,1.076,3.282,10,1.077,STATIONARY_POST_FALL
2026-04-21T14:44:33.344,0.023,0.101,1.075,0.719,-1.447,-2.602,1.08,3.063,10,1.077,STATIONARY_POST_FALL
2026-04-21T14:44:33.355,0.02,0.1,1.071,0.369,-1.447,-2.672,1.075,3.061,10,1.077,STATIONARY_POST_FALL
2026-04-21T14:44:33.365,0.02,0.099,1.07,0.229,-1.657,-2.602,1.075,3.093,10,1.077,STATIONARY_POST_FALL
2026-04-21T14:44:33.375,0.02,0.099,1.069,0.649,-1.657,-2.672,1.074,3.21,10,1.077,STATIONARY_POST_FALL
2026-04-21T14:44:33.375,0.02,0.098,1.074,0.579,-1.587,-2.602,1.079,3.102,10,1.077,STATIONARY_POST_FALL
2026-04-21T14:44:33.391,0.022,0.099,1.073,0.369,-1.587,-2.602,1.077,3.07,10,1.077,STATIONARY_POST_FALL
2026-04-21T14:44:33.391,0.02,0.1,1.073,0.439,-1.727,-2.532,1.077,3.096,10,1.077,STATIONARY_POST_FALL
2026-04-21T14:44:33.407,0.02,0.098,1.072,0.229,-1.727,-2.742,1.077,3.248,10,1.077,STATIONARY_POST_FALL
2026-04-21T14:44:33.422,0.022,0.097,1.075,0.019,-1.797,-2.462,1.08,3.048,10,1.077,STATIONARY_POST_FALL
2026-04-21T14:44:33.422,0.019,0.099,1.074,0.299,-1.937,-2.532,1.079,3.202,10,1.077,STATIONARY_POST_FALL
2026-04-21T14:44:33.438,0.019,0.098,1.07,0.719,-1.937,-2.322,1.074,3.108,10,1.077,STATIONARY_POST_FALL
2026-04-21T14:44:33.454,0.02,0.101,1.075,1.069,-2.007,-2.462,1.08,3.351,10,1.077,STATIONARY_POST_FALL
2026-04-21T14:44:33.464,0.02,0.1,1.075,0.789,-2.007,-2.602,1.08,3.379,10,1.077,STATIONARY_POST_FALL
2026-04-21T14:44:33.464,0.022,0.099,1.075,0.579,-2.007,-2.532,1.08,3.282,10,1.077,STATIONARY_POST_FALL
2026-04-21T14:44:33.480,0.022,0.098,1.07,0.579,-1.937,-2.462,1.075,3.185,10,1.077,STATIONARY_POST_FALL
2026-04-21T14:44:33.490,0.02,0.101,1.073,0.579,-1.937,-2.462,1.078,3.185,9,1.077,STATIONARY_POST_FALL
2026-04-21T14:44:33.490,0.02,0.1,1.072,0.579,-2.077,-2.462,1.076,3.273,11,1.077,STATIONARY_POST_FALL
2026-04-21T14:44:33.507,0.02,0.103,1.072,0.859,-1.937,-2.462,1.077,3.248,10,1.077,STATIONARY_POST_FALL
2026-04-21T14:44:33.523,0.024,0.099,1.075,0.579,-1.937,-2.462,1.08,3.185,10,1.077,STATIONARY_POST_FALL
2026-04-21T14:44:33.523,0.02,0.099,1.075,0.229,-1.937,-2.532,1.08,3.196,9,1.077,STATIONARY_POST_FALL
2026-04-21T14:44:33.540,0.019,0.098,1.072,0.299,-1.867,-2.532,1.077,3.16,11,1.077,STATIONARY_POST_FALL
2026-04-21T14:44:33.540,0.02,0.099,1.07,0.369,-1.867,-2.532,1.075,3.167,10,1.077,STATIONARY_POST_FALL
2026-04-21T14:44:33.557,0.021,0.1,1.073,0.229,-1.937,-2.392,1.078,3.086,10,1.077,STATIONARY_POST_FALL
2026-04-21T14:44:33.566,0.02,0.096,1.07,0.299,-1.937,-2.462,1.074,3.147,10,1.077,STATIONARY_POST_FALL
2026-04-21T14:44:33.583,0.023,0.099,1.073,-0.191,-1.797,-2.602,1.078,3.168,10,1.077,STATIONARY_POST_FALL
2026-04-21T14:44:33.593,0.022,0.099,1.073,-0.891,-1.797,-2.462,1.077,3.175,10,1.077,STATIONARY_POST_FALL
2026-04-21T14:44:33.593,0.018,0.1,1.072,-0.681,-1.727,-2.532,1.076,3.139,10,1.077,STATIONARY_POST_FALL
2026-04-21T14:44:33.610,0.017,0.096,1.07,0.439,-1.867,-2.602,1.074,3.232,10,1.077,STATIONARY_POST_FALL
2026-04-21T14:44:33.626,0.021,0.097,1.073,0.299,-2.147,-2.602,1.078,3.386,10,1.077,STATIONARY_POST_FALL
2026-04-21T14:44:33.626,0.018,0.099,1.081,0.159,-1.307,-2.602,1.085,2.916,10,1.077,STATIONARY_POST_FALL
2026-04-21T14:44:33.642,0.019,0.101,1.072,-0.051,-2.077,-2.602,1.076,3.33,10,1.077,STATIONARY_POST_FALL
2026-04-21T14:44:33.642,0.019,0.1,1.074,-0.121,-1.447,-2.672,1.079,3.041,10,1.077,STATIONARY_POST_FALL
2026-04-21T14:44:33.658,0.014,0.101,1.071,0.299,-1.867,-2.602,1.075,3.216,10,1.077,STATIONARY_POST_FALL
2026-04-21T14:44:33.669,0.018,0.098,1.071,0.789,-1.867,-2.532,1.075,3.243,11,1.077,STATIONARY_POST_FALL
2026-04-21T14:44:33.684,0.019,0.097,1.074,1.069,-2.077,-2.462,1.079,3.394,9,1.077,STATIONARY_POST_FALL
2026-04-21T14:44:33.694,0.019,0.098,1.074,1.279,-2.007,-2.602,1.079,3.526,10,1.077,STATIONARY_POST_FALL
2026-04-21T14:44:33.694,0.019,0.097,1.073,0.929,-1.797,-2.532,1.078,3.241,10,1.078,STATIONARY_POST_FALL
2026-04-21T14:44:33.715,0.019,0.1,1.073,0.789,-1.937,-2.462,1.078,3.23,10,1.078,STATIONARY_POST_FALL
2026-04-21T14:44:33.720,0.02,0.098,1.071,0.649,-1.937,-2.532,1.076,3.253,10,1.078,STATIONARY_POST_FALL
2026-04-21T14:44:33.729,0.018,0.099,1.07,0.719,-1.937,-2.532,1.074,3.268,10,1.078,STATIONARY_POST_FALL
2026-04-21T14:44:33.737,0.018,0.099,1.072,0.789,-1.867,-2.462,1.077,3.189,9,1.078,STATIONARY_POST_FALL
2026-04-21T14:44:33.745,0.02,0.098,1.07,0.929,-1.867,-2.532,1.075,3.28,11,1.078,STATIONARY_POST_FALL
2026-04-21T14:44:33.761,0.02,0.098,1.072,0.439,-1.937,-2.602,1.077,3.273,10,1.078,STATIONARY_POST_FALL
2026-04-21T14:44:33.771,0.021,0.1,1.073,0.299,-1.937,-2.602,1.077,3.257,10,1.078,STATIONARY_POST_FALL
2026-04-21T14:44:33.771,0.018,0.1,1.074,0.369,-1.867,-2.532,1.079,3.167,9,1.078,STATIONARY_POST_FALL
2026-04-21T14:44:33.788,0.018,0.1,1.075,0.509,-2.077,-2.532,1.08,3.314,11,1.078,STATIONARY_POST_FALL
2026-04-21T14:44:33.798,0.019,0.1,1.074,0.649,-2.217,-2.602,1.079,3.479,10,1.078,STATIONARY_POST_FALL
2026-04-21T14:44:33.814,0.019,0.099,1.072,0.859,-2.007,-2.532,1.077,3.343,10,1.078,STATIONARY_POST_FALL
2026-04-21T14:44:33.814,0.021,0.098,1.073,0.789,-2.217,-2.462,1.077,3.406,10,1.078,STATIONARY_POST_FALL
2026-04-21T14:44:33.829,0.022,0.1,1.074,0.999,-2.007,-2.462,1.079,3.33,10,1.078,STATIONARY_POST_FALL
2026-04-21T14:44:33.845,0.021,0.099,1.072,0.859,-2.077,-2.462,1.077,3.333,10,1.078,STATIONARY_POST_FALL
2026-04-21T14:44:33.845,0.018,0.1,1.071,1.349,-1.867,-2.602,1.076,3.475,10,1.078,STATIONARY_POST_FALL
2026-04-21T14:44:33.862,0.02,0.099,1.068,1.209,-2.217,-2.602,1.072,3.626,10,1.078,STATIONARY_POST_FALL
2026-04-21T14:44:33.872,0.022,0.1,1.077,1.209,-1.937,-2.532,1.082,3.409,10,1.078,STATIONARY_POST_FALL
2026-04-21T14:44:33.872,0.019,0.099,1.074,1.139,-1.727,-2.602,1.079,3.324,10,1.078,STATIONARY_POST_FALL
2026-04-21T14:44:33.888,0.021,0.101,1.073,0.929,-1.867,-2.462,1.078,3.226,10,1.078,STATIONARY_POST_FALL
2026-04-21T14:44:33.898,0.02,0.099,1.069,1.069,-1.867,-2.532,1.074,3.322,10,1.078,STATIONARY_POST_FALL
2026-04-21T14:44:33.914,0.02,0.1,1.074,1.069,-1.937,-2.672,1.079,3.469,10,1.078,STATIONARY_POST_FALL
2026-04-21T14:44:33.914,0.022,0.099,1.075,0.579,-1.797,-2.462,1.08,3.102,10,1.078,STATIONARY_POST_FALL
2026-04-21T14:44:33.930,0.023,0.1,1.073,0.369,-1.937,-2.462,1.078,3.154,10,1.078,STATIONARY_POST_FALL
2026-04-21T14:44:33.930,0.02,0.099,1.074,0.159,-1.867,-2.462,1.079,3.094,10,1.078,STATIONARY_POST_FALL
2026-04-21T14:44:33.945,0.018,0.098,1.073,0.369,-1.937,-2.602,1.077,3.265,10,1.078,STATIONARY_POST_FALL
2026-04-21T14:44:33.962,0.019,0.1,1.07,0.509,-1.867,-2.392,1.074,3.077,10,1.078,STATIONARY_POST_FALL
2026-04-21T14:44:33.972,0.022,0.1,1.073,0.369,-1.867,-2.462,1.078,3.112,10,1.078,STATIONARY_POST_FALL
2026-04-21T14:44:33.972,0.02,0.1,1.071,0.299,-1.867,-2.602,1.076,3.216,10,1.078,STATIONARY_POST_FALL
2026-04-21T14:44:33.988,0.024,0.098,1.075,-0.121,-1.867,-2.602,1.08,3.205,9,1.078,STATIONARY_POST_FALL
2026-04-21T14:44:34.004,0.021,0.1,1.073,-0.261,-1.727,-2.602,1.078,3.134,11,1.078,STATIONARY_POST_FALL
2026-04-21T14:44:34.010,0.02,0.098,1.073,-0.471,-1.937,-2.672,1.078,3.333,10,1.078,STATIONARY_POST_FALL
2026-04-21T14:44:34.014,0.02,0.097,1.072,-0.331,-1.937,-2.672,1.077,3.317,10,1.078,STATIONARY_POST_FALL
2026-04-21T14:44:34.030,0.019,0.1,1.073,-0.191,-2.007,-2.532,1.077,3.236,9,1.078,STATIONARY_POST_FALL
2026-04-21T14:44:34.046,0.019,0.099,1.071,-0.261,-1.797,-2.602,1.075,3.173,11,1.078,STATIONARY_POST_FALL
2026-04-21T14:44:34.046,0.02,0.1,1.075,-0.261,-1.937,-2.392,1.08,3.089,10,1.078,STATIONARY_POST_FALL
2026-04-21T14:44:34.061,0.021,0.1,1.074,-0.191,-1.937,-2.462,1.079,3.138,10,1.078,STATIONARY_POST_FALL
2026-04-21T14:44:34.061,0.017,0.101,1.073,-0.121,-1.867,-2.392,1.078,3.037,10,1.078,STATIONARY_POST_FALL
2026-04-21T14:44:34.077,0.02,0.1,1.072,-0.051,-1.937,-2.462,1.077,3.133,10,1.078,STATIONARY_POST_FALL
2026-04-21T14:44:34.095,0.018,0.098,1.073,0.019,-2.077,-2.532,1.077,3.275,10,1.078,STATIONARY_POST_FALL
2026-04-21T14:44:34.095,0.016,0.101,1.071,0.019,-2.007,-2.602,1.076,3.286,10,1.078,STATIONARY_POST_FALL
2026-04-21T14:44:34.111,0.019,0.099,1.072,0.089,-2.077,-2.462,1.076,3.222,10,1.078,STATIONARY_POST_FALL
2026-04-21T14:44:34.122,0.02,0.099,1.073,-0.261,-2.077,-2.532,1.078,3.285,10,1.078,STATIONARY_POST_FALL
2026-04-21T14:44:34.122,0.018,0.1,1.075,-0.401,-2.077,-2.532,1.08,3.299,10,1.078,STATIONARY_POST_FALL
2026-04-21T14:44:34.137,0.017,0.1,1.073,0.509,-2.007,-2.392,1.078,3.163,10,1.078,STATIONARY_POST_FALL
2026-04-21T14:44:34.146,0.02,0.101,1.074,0.159,-2.077,-2.392,1.079,3.172,10,1.078,STATIONARY_POST_FALL
2026-04-21T14:44:34.164,0.017,0.1,1.079,0.369,-1.727,-2.532,1.084,3.087,10,1.078,STATIONARY_POST_FALL
2026-04-21T14:44:34.170,0.019,0.098,1.07,-0.121,-2.287,-2.532,1.074,3.414,10,1.078,STATIONARY_POST_FALL
2026-04-21T14:44:34.181,0.017,0.102,1.072,0.089,-1.727,-2.532,1.076,3.066,10,1.078,STATIONARY_POST_FALL
2026-04-21T14:44:34.193,0.018,0.099,1.068,0.649,-2.147,-2.532,1.073,3.382,10,1.078,STATIONARY_POST_FALL
2026-04-21T14:44:34.195,0.015,0.097,1.073,0.929,-2.077,-2.462,1.077,3.352,10,1.077,STATIONARY_POST_FALL
2026-04-21T14:44:34.213,0.015,0.102,1.075,1.279,-2.287,-2.532,1.08,3.644,10,1.077,STATIONARY_POST_FALL
2026-04-21T14:44:34.223,0.019,0.1,1.071,1.629,-2.287,-2.462,1.075,3.734,10,1.077,STATIONARY_POST_FALL
2026-04-21T14:44:34.233,0.017,0.1,1.073,1.979,-2.497,-2.602,1.077,4.113,10,1.077,STATIONARY_POST_FALL
2026-04-21T14:44:34.243,0.018,0.098,1.072,2.119,-2.357,-2.532,1.077,4.056,9,1.077,STATIONARY_POST_FALL
2026-04-21T14:44:34.252,0.021,0.099,1.073,2.259,-2.287,-2.532,1.078,4.092,11,1.077,STATIONARY_POST_FALL
2026-04-21T14:44:34.261,0.02,0.101,1.076,2.119,-2.147,-2.532,1.081,3.938,10,1.077,STATIONARY_POST_FALL
2026-04-21T14:44:34.273,0.019,0.101,1.072,2.399,-2.287,-2.532,1.077,4.171,10,1.077,STATIONARY_POST_FALL
2026-04-21T14:44:34.280,0.02,0.1,1.072,2.259,-2.147,-2.532,1.077,4.015,9,1.077,STATIONARY_POST_FALL
2026-04-21T14:44:34.280,0.019,0.1,1.071,2.119,-2.427,-2.462,1.075,4.055,11,1.077,STATIONARY_POST_FALL
2026-04-21T14:44:34.302,0.021,0.101,1.072,1.979,-2.497,-2.532,1.077,4.07,10,1.077,STATIONARY_POST_FALL
2026-04-21T14:44:34.312,0.023,0.1,1.073,1.909,-2.357,-2.532,1.078,3.951,10,1.077,STATIONARY_POST_FALL
2026-04-21T14:44:34.317,0.02,0.101,1.074,1.769,-2.427,-2.532,1.079,3.928,10,1.077,STATIONARY_POST_FALL
2026-04-21T14:44:34.317,0.024,0.101,1.076,1.279,-2.567,-2.462,1.081,3.78,10,1.077,STATIONARY_POST_FALL
2026-04-21T14:44:34.333,0.022,0.101,1.076,0.859,-2.567,-2.322,1.081,3.566,10,1.077,STATIONARY_POST_FALL
